Date,TSLA
29/06/2010,1.592667
30/06/2010,1.588667
01/07/2010,1.464
02/07/2010,1.28
06/07/2010,1.074
07/07/2010,1.053333
08/07/2010,1.164
09/07/2010,1.16
12/07/2010,1.136667
13/07/2010,1.209333
14/07/2010,1.322667
15/07/2010,1.326
16/07/2010,1.376
19/07/2010,1.460667
20/07/2010,1.353333
21/07/2010,1.348
22/07/2010,1.4
23/07/2010,1.419333
26/07/2010,1.396667
27/07/2010,1.37
28/07/2010,1.381333
29/07/2010,1.356667
30/07/2010,1.329333
02/08/2010,1.394667
03/08/2010,1.463333
04/08/2010,1.417333
05/08/2010,1.363333
06/08/2010,1.306
09/08/2010,1.306667
10/08/2010,1.268667
11/08/2010,1.193333
12/08/2010,1.173333
13/08/2010,1.221333
16/08/2010,1.252
17/08/2010,1.276667
18/08/2010,1.251333
19/08/2010,1.252667
20/08/2010,1.273333
23/08/2010,1.342
24/08/2010,1.28
25/08/2010,1.326667
26/08/2010,1.316667
27/08/2010,1.313333
30/08/2010,1.324667
31/08/2010,1.298667
01/09/2010,1.363333
02/09/2010,1.404
03/09/2010,1.403333
07/09/2010,1.369333
08/09/2010,1.393333
09/09/2010,1.380667
10/09/2010,1.344667
13/09/2010,1.381333
14/09/2010,1.408
15/09/2010,1.465333
16/09/2010,1.396
17/09/2010,1.348667
20/09/2010,1.404
21/09/2010,1.384667
22/09/2010,1.324667
23/09/2010,1.304
24/09/2010,1.34
27/09/2010,1.368667
28/09/2010,1.426667
29/09/2010,1.465333
30/09/2010,1.360667
01/10/2010,1.373333
04/10/2010,1.399333
05/10/2010,1.408
06/10/2010,1.364
07/10/2010,1.362
08/10/2010,1.362
11/10/2010,1.349333
12/10/2010,1.349333
13/10/2010,1.369333
14/10/2010,1.383333
15/10/2010,1.369333
18/10/2010,1.348667
19/10/2010,1.336667
20/10/2010,1.376667
21/10/2010,1.383333
22/10/2010,1.381333
25/10/2010,1.39
26/10/2010,1.424
27/10/2010,1.4
28/10/2010,1.412667
29/10/2010,1.456
01/11/2010,1.427333
02/11/2010,1.416667
03/11/2010,1.451333
04/11/2010,1.66
05/11/2010,1.629333
08/11/2010,1.665333
09/11/2010,1.642
10/11/2010,1.957333
11/11/2010,1.869333
12/11/2010,1.989333
15/11/2010,2.053333
16/11/2010,1.978
17/11/2010,1.966
18/11/2010,1.992667
19/11/2010,2.066
22/11/2010,2.226667
23/11/2010,2.304667
24/11/2010,2.364667
26/11/2010,2.354667
29/11/2010,2.288667
30/11/2010,2.355333
01/12/2010,2.29
02/12/2010,2.156667
03/12/2010,2.099333
06/12/2010,2.020667
07/12/2010,2.104
08/12/2010,2.158
09/12/2010,2.136667
10/12/2010,2.101333
13/12/2010,2.036667
14/12/2010,1.902
15/12/2010,1.973333
16/12/2010,2.054
17/12/2010,2.090667
20/12/2010,2.113333
21/12/2010,2.150667
22/12/2010,2.175333
23/12/2010,2.006
27/12/2010,1.703333
28/12/2010,1.760667
29/12/2010,1.848667
30/12/2010,1.766667
31/12/2010,1.775333
03/01/2011,1.774667
04/01/2011,1.778
05/01/2011,1.788667
06/01/2011,1.858667
07/01/2011,1.882667
10/01/2011,1.896667
11/01/2011,1.797333
12/01/2011,1.797333
13/01/2011,1.748
14/01/2011,1.716667
18/01/2011,1.709333
19/01/2011,1.602
20/01/2011,1.508
21/01/2011,1.536
24/01/2011,1.632667
25/01/2011,1.645333
26/01/2011,1.65
27/01/2011,1.661333
28/01/2011,1.600667
31/01/2011,1.606667
01/02/2011,1.594
02/02/2011,1.596
03/02/2011,1.575333
04/02/2011,1.564
07/02/2011,1.538
08/02/2011,1.632667
09/02/2011,1.547333
10/02/2011,1.548
11/02/2011,1.55
14/02/2011,1.538667
15/02/2011,1.522667
16/02/2011,1.648667
17/02/2011,1.573333
18/02/2011,1.545333
22/02/2011,1.458
23/02/2011,1.455333
24/02/2011,1.502
25/02/2011,1.574
28/02/2011,1.592667
01/03/2011,1.596
02/03/2011,1.601333
03/03/2011,1.624
04/03/2011,1.663333
07/03/2011,1.662667
08/03/2011,1.644
09/03/2011,1.648
10/03/2011,1.600667
11/03/2011,1.604667
14/03/2011,1.55
15/03/2011,1.53
16/03/2011,1.521333
17/03/2011,1.520667
18/03/2011,1.530667
21/03/2011,1.515333
22/03/2011,1.479333
23/03/2011,1.480667
24/03/2011,1.488667
25/03/2011,1.516667
28/03/2011,1.55
29/03/2011,1.594667
30/03/2011,1.580667
31/03/2011,1.85
01/04/2011,1.777333
04/04/2011,1.722
05/04/2011,1.78
06/04/2011,1.766
07/04/2011,1.816
08/04/2011,1.766
11/04/2011,1.684667
12/04/2011,1.643333
13/04/2011,1.662
14/04/2011,1.676
15/04/2011,1.705333
18/04/2011,1.668667
19/04/2011,1.677333
20/04/2011,1.716667
21/04/2011,1.782667
25/04/2011,1.759333
26/04/2011,1.795333
27/04/2011,1.805333
28/04/2011,1.844
29/04/2011,1.84
02/05/2011,1.83
03/05/2011,1.791333
04/05/2011,1.779333
05/05/2011,1.762667
06/05/2011,1.808
09/05/2011,1.860667
10/05/2011,1.888667
11/05/2011,1.804667
12/05/2011,1.844667
13/05/2011,1.836667
16/05/2011,1.773333
17/05/2011,1.730667
18/05/2011,1.756667
19/05/2011,1.88
20/05/2011,1.864667
23/05/2011,1.788
24/05/2011,1.781333
25/05/2011,1.932
26/05/2011,1.965333
27/05/2011,1.97
31/05/2011,2.009333
01/06/2011,1.901333
02/06/2011,1.917333
03/06/2011,2.008667
06/06/2011,1.913333
07/06/2011,1.891333
08/06/2011,1.808
09/06/2011,1.841333
10/06/2011,1.857333
13/06/2011,1.895333
14/06/2011,1.906667
15/06/2011,1.821333
16/06/2011,1.766667
17/06/2011,1.766667
20/06/2011,1.734
21/06/2011,1.835333
22/06/2011,1.814
23/06/2011,1.847333
24/06/2011,1.838
27/06/2011,1.830667
28/06/2011,1.874
29/06/2011,1.886
30/06/2011,1.942
01/07/2011,1.934667
05/07/2011,1.942667
06/07/2011,1.930667
07/07/2011,1.982
08/07/2011,1.920667
11/07/2011,1.89
12/07/2011,1.878
13/07/2011,1.909333
14/07/2011,1.840667
15/07/2011,1.838667
18/07/2011,1.815333
19/07/2011,1.859333
20/07/2011,1.912667
21/07/2011,1.913333
22/07/2011,1.952667
25/07/2011,1.899333
26/07/2011,1.866667
27/07/2011,1.842667
28/07/2011,1.878
29/07/2011,1.878
01/08/2011,1.918
02/08/2011,1.822667
03/08/2011,1.813333
04/08/2011,1.65
05/08/2011,1.616
08/08/2011,1.576
09/08/2011,1.670667
10/08/2011,1.588
11/08/2011,1.686667
12/08/2011,1.754
15/08/2011,1.748667
16/08/2011,1.74
17/08/2011,1.722
18/08/2011,1.617333
19/08/2011,1.486667
22/08/2011,1.463333
23/08/2011,1.530667
24/08/2011,1.591333
25/08/2011,1.540667
26/08/2011,1.582
29/08/2011,1.647333
30/08/2011,1.642
31/08/2011,1.649333
01/09/2011,1.6
02/09/2011,1.538
06/09/2011,1.529333
07/09/2011,1.589333
08/09/2011,1.574
09/09/2011,1.531333
12/09/2011,1.525333
13/09/2011,1.605333
14/09/2011,1.622667
15/09/2011,1.654667
16/09/2011,1.72
19/09/2011,1.718
20/09/2011,1.734
21/09/2011,1.723333
22/09/2011,1.708667
23/09/2011,1.758667
26/09/2011,1.701333
27/09/2011,1.746
28/09/2011,1.639333
29/09/2011,1.608
30/09/2011,1.626
03/10/2011,1.582
04/10/2011,1.577333
05/10/2011,1.691333
06/10/2011,1.797333
07/10/2011,1.799333
10/10/2011,1.858667
11/10/2011,1.840667
12/10/2011,1.853333
13/10/2011,1.862667
14/10/2011,1.87
17/10/2011,1.828
18/10/2011,1.889333
19/10/2011,1.838
20/10/2011,1.822667
21/10/2011,1.868667
24/10/2011,1.903333
25/10/2011,1.883333
26/10/2011,1.865333
27/10/2011,1.917333
28/10/2011,1.991333
31/10/2011,1.958
01/11/2011,1.925333
02/11/2011,1.914
03/11/2011,2.164
04/11/2011,2.154
07/11/2011,2.084667
08/11/2011,2.122667
09/11/2011,2.058667
10/11/2011,2.088667
11/11/2011,2.242667
14/11/2011,2.214667
15/11/2011,2.262
16/11/2011,2.329333
17/11/2011,2.245333
18/11/2011,2.173333
21/11/2011,2.117333
22/11/2011,2.138
23/11/2011,2.096667
25/11/2011,2.110667
28/11/2011,2.170667
29/11/2011,2.116667
30/11/2011,2.182667
01/12/2011,2.173333
02/12/2011,2.22
05/12/2011,2.294667
06/12/2011,2.324667
07/12/2011,2.279333
08/12/2011,2.059333
09/12/2011,2.069333
12/12/2011,2.027333
13/12/2011,1.963333
14/12/2011,1.902
15/12/2011,1.908
16/12/2011,1.866667
19/12/2011,1.85
20/12/2011,1.86
21/12/2011,1.838
22/12/2011,1.851333
23/12/2011,1.86
27/12/2011,1.904667
28/12/2011,1.900667
29/12/2011,1.915333
30/12/2011,1.904
03/01/2012,1.872
04/01/2012,1.847333
05/01/2012,1.808
06/01/2012,1.794
09/01/2012,1.816667
10/01/2012,1.841333
11/01/2012,1.882
12/01/2012,1.883333
13/01/2012,1.519333
17/01/2012,1.773333
18/01/2012,1.787333
19/01/2012,1.784
20/01/2012,1.773333
23/01/2012,1.784667
24/01/2012,1.828
25/01/2012,1.864667
26/01/2012,1.929333
27/01/2012,1.955333
30/01/2012,1.971333
31/01/2012,1.938
01/02/2012,1.972
02/02/2012,2.016667
03/02/2012,2.076667
06/02/2012,2.12
07/02/2012,2.106667
08/02/2012,2.128667
09/02/2012,2.172
10/02/2012,2.073333
13/02/2012,2.099333
14/02/2012,2.211333
15/02/2012,2.24
16/02/2012,2.278667
17/02/2012,2.331333
21/02/2012,2.3
22/02/2012,2.281333
23/02/2012,2.302
24/02/2012,2.25
27/02/2012,2.241333
28/02/2012,2.254
29/02/2012,2.227333
01/03/2012,2.294
02/03/2012,2.269333
05/03/2012,2.251333
06/03/2012,2.207333
07/03/2012,2.208
08/03/2012,2.204667
09/03/2012,2.316
12/03/2012,2.400667
13/03/2012,2.406
14/03/2012,2.352667
15/03/2012,2.333333
16/03/2012,2.354667
19/03/2012,2.332
20/03/2012,2.330667
21/03/2012,2.343333
22/03/2012,2.293333
23/03/2012,2.272
26/03/2012,2.493333
27/03/2012,2.529333
28/03/2012,2.523333
29/03/2012,2.488667
30/03/2012,2.482667
02/04/2012,2.438667
03/04/2012,2.534
04/04/2012,2.333333
05/04/2012,2.298667
09/04/2012,2.21
10/04/2012,2.164
11/04/2012,2.206
12/04/2012,2.229333
13/04/2012,2.239333
16/04/2012,2.15
17/04/2012,2.149333
18/04/2012,2.177333
19/04/2012,2.210667
20/04/2012,2.210667
23/04/2012,2.129333
24/04/2012,2.121333
25/04/2012,2.194
26/04/2012,2.232667
27/04/2012,2.222667
30/04/2012,2.208667
01/05/2012,2.252
02/05/2012,2.262667
03/05/2012,2.164
04/05/2012,2.122
07/05/2012,2.164667
08/05/2012,2.012667
09/05/2012,2.004
10/05/2012,2.197333
11/05/2012,2.15
14/05/2012,2.004
15/05/2012,1.962
16/05/2012,1.945333
17/05/2012,1.904667
18/05/2012,1.837333
21/05/2012,1.918
22/05/2012,2.053333
23/05/2012,2.068
24/05/2012,2.018667
25/05/2012,1.987333
29/05/2012,2.112667
30/05/2012,2.027333
31/05/2012,1.966667
01/06/2012,1.876667
04/06/2012,1.858667
05/06/2012,1.860667
06/06/2012,1.948
07/06/2012,1.928667
08/06/2012,2.005333
11/06/2012,1.941333
12/06/2012,1.977333
13/06/2012,1.984667
14/06/2012,1.959333
15/06/2012,1.994
18/06/2012,2.122667
19/06/2012,2.139333
20/06/2012,2.252
21/06/2012,2.146
22/06/2012,2.252667
25/06/2012,2.207333
26/06/2012,2.107333
27/06/2012,2.130667
28/06/2012,2.094
29/06/2012,2.086
02/07/2012,2.026667
03/07/2012,2.044
05/07/2012,2.082
06/07/2012,2.066
09/07/2012,2.099333
10/07/2012,2.084667
11/07/2012,2.100667
12/07/2012,2.18
13/07/2012,2.283333
16/07/2012,2.397333
17/07/2012,2.223333
18/07/2012,2.143333
19/07/2012,2.151333
20/07/2012,2.119333
23/07/2012,2.044
24/07/2012,1.989333
25/07/2012,1.93
26/07/2012,1.875333
27/07/2012,1.967333
30/07/2012,1.823333
31/07/2012,1.828
01/08/2012,1.75
02/08/2012,1.74
03/08/2012,1.818
06/08/2012,1.884667
07/08/2012,2.016667
08/08/2012,1.939333
09/08/2012,1.960667
10/08/2012,1.996
13/08/2012,2.078
14/08/2012,1.961333
15/08/2012,1.96
16/08/2012,2.02
17/08/2012,2.000667
20/08/2012,1.967333
21/08/2012,1.940667
22/08/2012,1.996667
23/08/2012,2.048667
24/08/2012,1.966667
27/08/2012,1.888
28/08/2012,1.912667
29/08/2012,1.894
30/08/2012,1.894
31/08/2012,1.901333
04/09/2012,1.876
05/09/2012,1.862667
06/09/2012,1.903333
07/09/2012,1.956667
10/09/2012,1.824667
11/09/2012,1.853333
12/09/2012,1.885333
13/09/2012,1.965333
14/09/2012,2.026
17/09/2012,2.169333
18/09/2012,2.089333
19/09/2012,2.07
20/09/2012,2.06
21/09/2012,2.001333
24/09/2012,2.044
25/09/2012,1.844
26/09/2012,1.836
27/09/2012,1.899333
28/09/2012,1.952
01/10/2012,1.944
02/10/2012,1.986667
03/10/2012,1.953333
04/10/2012,1.96
05/10/2012,1.926
08/10/2012,1.95
09/10/2012,1.891333
10/10/2012,1.893333
11/10/2012,1.888
12/10/2012,1.842667
15/10/2012,1.822
16/10/2012,1.870667
17/10/2012,1.921333
18/10/2012,1.869333
19/10/2012,1.849333
22/10/2012,1.856667
23/10/2012,1.892667
24/10/2012,1.828
25/10/2012,1.834667
26/10/2012,1.825333
31/10/2012,1.875333
01/11/2012,1.95
02/11/2012,1.928
05/11/2012,2.1
06/11/2012,2.076667
07/11/2012,2.102667
08/11/2012,2.087333
09/11/2012,2.021333
12/11/2012,2.071333
13/11/2012,2.107333
14/11/2012,2.092
15/11/2012,2.054667
16/11/2012,2.122667
19/11/2012,2.194667
20/11/2012,2.2
21/11/2012,2.164667
23/11/2012,2.142
26/11/2012,2.151333
27/11/2012,2.143333
28/11/2012,2.215333
29/11/2012,2.246
30/11/2012,2.254667
03/12/2012,2.308
04/12/2012,2.26
05/12/2012,2.247333
06/12/2012,2.26
07/12/2012,2.278
10/12/2012,2.304667
11/12/2012,2.352
12/12/2012,2.350667
13/12/2012,2.240667
14/12/2012,2.254
17/12/2012,2.293333
18/12/2012,2.306
19/12/2012,2.307333
20/12/2012,2.295333
21/12/2012,2.266667
24/12/2012,2.285333
26/12/2012,2.239333
27/12/2012,2.246
28/12/2012,2.214667
31/12/2012,2.258
02/01/2013,2.357333
03/01/2013,2.318
04/01/2013,2.293333
07/01/2013,2.289333
08/01/2013,2.245333
09/01/2013,2.242667
10/01/2013,2.235333
11/01/2013,2.194
14/01/2013,2.217333
15/01/2013,2.26
16/01/2013,2.273333
17/01/2013,2.292
18/01/2013,2.301333
22/01/2013,2.346
23/01/2013,2.4
24/01/2013,2.466
25/01/2013,2.465333
28/01/2013,2.535333
29/01/2013,2.53
30/01/2013,2.501333
31/01/2013,2.500667
01/02/2013,2.553333
04/02/2013,2.516
05/02/2013,2.542
06/02/2013,2.611333
07/02/2013,2.632
08/02/2013,2.616
11/02/2013,2.561333
12/02/2013,2.526
13/02/2013,2.563333
14/02/2013,2.551333
15/02/2013,2.469333
19/02/2013,2.618667
20/02/2013,2.569333
21/02/2013,2.344
22/02/2013,2.407333
25/02/2013,2.292
26/02/2013,2.295333
27/02/2013,2.34
28/02/2013,2.322
01/03/2013,2.31
04/03/2013,2.372
05/03/2013,2.443333
06/03/2013,2.512667
07/03/2013,2.548667
08/03/2013,2.564667
11/03/2013,2.606667
12/03/2013,2.608
13/03/2013,2.598667
14/03/2013,2.456667
15/03/2013,2.352667
18/03/2013,2.343333
19/03/2013,2.338667
20/03/2013,2.396667
21/03/2013,2.400667
22/03/2013,2.441333
25/03/2013,2.502
26/03/2013,2.524
27/03/2013,2.544
28/03/2013,2.526
01/04/2013,2.928667
02/04/2013,2.956
03/04/2013,2.74
04/04/2013,2.800667
05/04/2013,2.758
08/04/2013,2.788667
09/04/2013,2.7
10/04/2013,2.790667
11/04/2013,2.906
12/04/2013,2.916667
15/04/2013,2.886667
16/04/2013,3.039333
17/04/2013,3.03
18/04/2013,3.131333
19/04/2013,3.188667
22/04/2013,3.346
23/04/2013,3.400667
24/04/2013,3.362
25/04/2013,3.466667
26/04/2013,3.413333
29/04/2013,3.662667
30/04/2013,3.599333
01/05/2013,3.552
02/05/2013,3.607333
03/05/2013,3.636667
06/05/2013,3.966667
07/05/2013,3.700667
08/05/2013,3.719333
09/05/2013,4.626667
10/05/2013,5.117333
13/05/2013,5.853333
14/05/2013,5.549333
15/05/2013,5.656
16/05/2013,6.15
17/05/2013,6.1
20/05/2013,5.996
21/05/2013,5.839333
22/05/2013,5.816
23/05/2013,6.182
24/05/2013,6.472
28/05/2013,7.355333
29/05/2013,6.975333
30/05/2013,6.996667
31/05/2013,6.517333
03/06/2013,6.172667
04/06/2013,6.322667
05/06/2013,6.358
06/06/2013,6.49
07/06/2013,6.802667
10/06/2013,6.67
11/06/2013,6.298
12/06/2013,6.515333
13/06/2013,6.545333
14/06/2013,6.686667
17/06/2013,6.813333
18/06/2013,6.892667
19/06/2013,6.978667
20/06/2013,6.71
21/06/2013,6.636667
24/06/2013,6.766
25/06/2013,6.826667
26/06/2013,7.048
27/06/2013,7.283333
28/06/2013,7.157333
01/07/2013,7.812
02/07/2013,7.854667
03/07/2013,7.682667
05/07/2013,8.006
08/07/2013,8.107333
09/07/2013,8.23
10/07/2013,8.151333
11/07/2013,8.374
12/07/2013,8.66
15/07/2013,8.484
16/07/2013,7.27
17/07/2013,8.016667
18/07/2013,7.935333
19/07/2013,7.978667
22/07/2013,8.162
23/07/2013,8.182667
24/07/2013,8.113333
25/07/2013,8.271333
26/07/2013,8.626
29/07/2013,8.974667
30/07/2013,8.782667
31/07/2013,8.952
01/08/2013,9.036667
02/08/2013,9.2
05/08/2013,9.645333
06/08/2013,9.476667
07/08/2013,8.948667
08/08/2013,10.232
09/08/2013,10.2
12/08/2013,9.825333
13/08/2013,9.695333
14/08/2013,9.290667
15/08/2013,9.311333
16/08/2013,9.466667
19/08/2013,9.66
20/08/2013,9.972
21/08/2013,9.857333
22/08/2013,10.473333
23/08/2013,10.789333
26/08/2013,10.948
27/08/2013,11.134
28/08/2013,11.096667
29/08/2013,11.070667
30/08/2013,11.266667
03/09/2013,11.262667
04/09/2013,11.374667
05/09/2013,11.328667
06/09/2013,11.131333
09/09/2013,10.713333
10/09/2013,11.091333
11/09/2013,10.901333
12/09/2013,10.995333
13/09/2013,11.036
16/09/2013,11.105333
17/09/2013,11.082
18/09/2013,11.081333
19/09/2013,11.861333
20/09/2013,12.226
23/09/2013,12.074
24/09/2013,12.155333
25/09/2013,12.349333
26/09/2013,12.576
27/09/2013,12.726667
30/09/2013,12.891333
01/10/2013,12.866667
02/10/2013,12.063333
03/10/2013,11.554
04/10/2013,12.065333
07/10/2013,12.204667
08/10/2013,11.648667
09/10/2013,11.252
10/10/2013,11.528667
11/10/2013,11.913333
14/10/2013,11.981333
15/10/2013,12.262667
16/10/2013,12.237333
17/10/2013,12.186667
18/10/2013,12.226667
21/10/2013,11.506667
22/10/2013,11.436
23/10/2013,10.966667
24/10/2013,11.543333
25/10/2013,11.310667
28/10/2013,10.857333
29/10/2013,10.964667
30/10/2013,10.614667
31/10/2013,10.662667
01/11/2013,10.811333
04/11/2013,11.68
05/11/2013,11.787333
06/11/2013,10.077333
07/11/2013,9.318
08/11/2013,9.196667
11/11/2013,9.646667
12/11/2013,9.186667
13/11/2013,9.246667
14/11/2013,9.173333
15/11/2013,9.03
18/11/2013,8.105333
19/11/2013,8.406
20/11/2013,8.074
21/11/2013,8.14
22/11/2013,8.092
25/11/2013,8.056
26/11/2013,8.033333
27/11/2013,8.462667
29/11/2013,8.485333
02/12/2013,8.278
03/12/2013,9.646667
04/12/2013,9.263333
05/12/2013,9.365333
06/12/2013,9.157333
09/12/2013,9.44
10/12/2013,9.479333
11/12/2013,9.31
12/12/2013,9.831333
13/12/2013,9.843333
16/12/2013,9.862667
17/12/2013,10.164
18/12/2013,9.865333
19/12/2013,9.381333
20/12/2013,9.549333
23/12/2013,9.57
24/12/2013,10.094
26/12/2013,10.366667
27/12/2013,10.074667
30/12/2013,10.162667
31/12/2013,10.028667
02/01/2014,10.006667
03/01/2014,9.970667
06/01/2014,9.8
07/01/2014,9.957333
08/01/2014,10.085333
09/01/2014,9.835333
10/01/2014,9.714667
13/01/2014,9.289333
14/01/2014,10.751333
15/01/2014,10.942
16/01/2014,11.398
17/01/2014,11.334
21/01/2014,11.778667
22/01/2014,11.904
23/01/2014,12.1
24/01/2014,11.64
27/01/2014,11.308
28/01/2014,11.892
29/01/2014,11.682
30/01/2014,12.189333
31/01/2014,12.094
03/02/2014,11.807333
04/02/2014,11.915333
05/02/2014,11.628
06/02/2014,11.892
07/02/2014,12.435333
10/02/2014,13.104
11/02/2014,13.108
12/02/2014,13.021333
13/02/2014,13.308667
14/02/2014,13.215333
18/02/2014,13.58
19/02/2014,12.909333
20/02/2014,13.998
21/02/2014,13.973333
24/02/2014,14.51
25/02/2014,16.533333
26/02/2014,16.866667
27/02/2014,16.836
28/02/2014,16.320667
03/03/2014,16.704
04/03/2014,16.989332
05/03/2014,16.844
06/03/2014,16.862667
07/03/2014,16.414
10/03/2014,15.922667
11/03/2014,15.627333
12/03/2014,16.099333
13/03/2014,15.852667
14/03/2014,15.398
17/03/2014,15.598667
18/03/2014,16.002666
19/03/2014,15.722667
20/03/2014,15.660667
21/03/2014,15.259333
24/03/2014,14.678
25/03/2014,14.696
26/03/2014,14.197333
27/03/2014,13.821333
28/03/2014,14.158
31/03/2014,13.896667
01/04/2014,14.464667
02/04/2014,15.352667
03/04/2014,15.026667
04/04/2014,14.148667
07/04/2014,13.834667
08/04/2014,14.364
09/04/2014,14.462
10/04/2014,13.612667
11/04/2014,13.585333
14/04/2014,13.206
15/04/2014,12.927333
16/04/2014,13.274
17/04/2014,13.208
21/04/2014,13.625333
22/04/2014,14.576
23/04/2014,13.866
24/04/2014,13.857333
25/04/2014,13.323333
28/04/2014,13.234
29/04/2014,13.794667
30/04/2014,13.859333
01/05/2014,13.848667
02/05/2014,14.060667
05/05/2014,14.440667
06/05/2014,13.818667
07/05/2014,13.423333
08/05/2014,11.906
09/05/2014,12.150667
12/05/2014,12.311333
13/05/2014,12.677333
14/05/2014,12.708
15/05/2014,12.572667
16/05/2014,12.770667
19/05/2014,13.072667
20/05/2014,13.02
21/05/2014,13.296667
22/05/2014,13.658667
23/05/2014,13.82
27/05/2014,14.104
28/05/2014,14.016
29/05/2014,14.016
30/05/2014,13.851333
02/06/2014,13.646667
03/06/2014,13.662667
04/06/2014,13.599333
05/06/2014,13.793333
06/06/2014,13.878
09/06/2014,13.687333
10/06/2014,13.486667
11/06/2014,13.631333
12/06/2014,13.568
13/06/2014,13.761333
16/06/2014,14.974
17/06/2014,15.444667
18/06/2014,15.141333
19/06/2014,15.186
20/06/2014,15.306
23/06/2014,15.814667
24/06/2014,15.5
25/06/2014,15.792667
26/06/2014,15.706667
27/06/2014,15.937333
30/06/2014,16.004
01/07/2014,15.981333
02/07/2014,15.295333
03/07/2014,15.283333
07/07/2014,14.844
08/07/2014,14.604667
09/07/2014,14.870667
10/07/2014,14.630667
11/07/2014,14.542
14/07/2014,15.113333
15/07/2014,14.638667
16/07/2014,14.477333
17/07/2014,14.36
18/07/2014,14.668
21/07/2014,14.702667
22/07/2014,14.638667
23/07/2014,14.832667
24/07/2014,14.902667
25/07/2014,14.904667
28/07/2014,14.988
29/07/2014,15.000667
30/07/2014,15.261333
31/07/2014,14.886667
01/08/2014,15.551333
04/08/2014,15.901333
05/08/2014,15.899333
06/08/2014,16.595333
07/08/2014,16.826
08/08/2014,16.542
11/08/2014,17.288
12/08/2014,17.330667
13/08/2014,17.354
14/08/2014,17.425333
15/08/2014,17.467333
18/08/2014,17.329332
19/08/2014,17.117332
20/08/2014,17.047333
21/08/2014,16.955999
22/08/2014,17.118668
25/08/2014,17.503332
26/08/2014,17.449333
27/08/2014,17.549999
28/08/2014,17.590668
29/08/2014,17.98
02/09/2014,18.941334
03/09/2014,18.746
04/09/2014,19.069332
05/09/2014,18.492666
08/09/2014,18.807333
09/09/2014,18.565332
10/09/2014,18.74
11/09/2014,18.687332
12/09/2014,18.613333
15/09/2014,16.924
16/09/2014,17.382668
17/09/2014,17.425333
18/09/2014,17.587999
19/09/2014,17.288
22/09/2014,16.668667
23/09/2014,16.694
24/09/2014,16.809334
25/09/2014,16.463333
26/09/2014,16.440001
29/09/2014,16.350668
30/09/2014,16.178667
01/10/2014,16.016001
02/10/2014,16.761333
03/10/2014,17.014
06/10/2014,17.374666
07/10/2014,17.304667
08/10/2014,17.285334
09/10/2014,17.134001
10/10/2014,15.794
13/10/2014,14.972667
14/10/2014,15.137333
15/10/2014,15.313333
16/10/2014,15.09
17/10/2014,15.165333
20/10/2014,15.364667
21/10/2014,15.689333
22/10/2014,15.406667
23/10/2014,15.686
24/10/2014,15.682667
27/10/2014,14.778
28/10/2014,16.184668
29/10/2014,15.873333
30/10/2014,15.910667
31/10/2014,16.113333
03/11/2014,16.172667
04/11/2014,15.928667
05/11/2014,15.398
06/11/2014,16.081333
07/11/2014,16.013332
10/11/2014,16.128668
11/11/2014,16.738667
12/11/2014,16.606667
13/11/2014,16.780001
14/11/2014,17.245333
17/11/2014,16.931999
18/11/2014,17.18
19/11/2014,16.516001
20/11/2014,16.580667
21/11/2014,16.185333
24/11/2014,16.448
25/11/2014,16.539333
26/11/2014,16.562668
28/11/2014,16.301332
01/12/2014,15.442667
02/12/2014,15.428667
03/12/2014,15.286667
04/12/2014,15.218667
05/12/2014,14.914
08/12/2014,14.290667
09/12/2014,14.459333
10/12/2014,13.989333
11/12/2014,13.925333
12/12/2014,13.8
15/12/2014,13.602667
16/12/2014,13.187333
17/12/2014,13.721333
18/12/2014,14.550667
19/12/2014,14.619333
22/12/2014,14.84
23/12/2014,14.731333
24/12/2014,14.817333
26/12/2014,15.188
29/12/2014,15.047333
30/12/2014,14.815333
31/12/2014,14.827333
02/01/2015,14.620667
05/01/2015,14.006
06/01/2015,14.085333
07/01/2015,14.063333
08/01/2015,14.041333
09/01/2015,13.777333
12/01/2015,13.480667
13/01/2015,13.616667
14/01/2015,12.846
15/01/2015,12.791333
16/01/2015,12.871333
20/01/2015,12.795333
21/01/2015,13.104667
22/01/2015,13.441333
23/01/2015,13.419333
26/01/2015,13.77
27/01/2015,13.732
28/01/2015,13.291333
29/01/2015,13.68
30/01/2015,13.573333
02/02/2015,14.062667
03/02/2015,14.557333
04/02/2015,14.57
05/02/2015,14.732667
06/02/2015,14.490667
09/02/2015,14.498667
10/02/2015,14.419333
11/02/2015,14.186667
12/02/2015,13.525333
13/02/2015,13.584667
17/02/2015,13.623333
18/02/2015,13.630667
19/02/2015,14.114
20/02/2015,14.474
23/02/2015,13.822667
24/02/2015,13.607333
25/02/2015,13.584
26/02/2015,13.812667
27/02/2015,13.556
02/03/2015,13.155333
03/03/2015,13.304
04/03/2015,13.496
05/03/2015,13.375333
06/03/2015,12.925333
09/03/2015,12.725333
10/03/2015,12.688
11/03/2015,12.916
12/03/2015,12.738
13/03/2015,12.578667
16/03/2015,13.046667
17/03/2015,12.982
18/03/2015,13.380667
19/03/2015,13.043333
20/03/2015,13.205333
23/03/2015,13.308667
24/03/2015,13.448
25/03/2015,12.953333
26/03/2015,12.694
27/03/2015,12.333333
30/03/2015,12.704667
31/03/2015,12.584667
01/04/2015,12.506
02/04/2015,12.733333
06/04/2015,13.54
07/04/2015,13.55
08/04/2015,13.844667
09/04/2015,14.006
10/04/2015,14.06
13/04/2015,13.985333
14/04/2015,13.830667
15/04/2015,13.855333
16/04/2015,13.78
17/04/2015,13.786
20/04/2015,13.684667
21/04/2015,13.960667
22/04/2015,14.629333
23/04/2015,14.573333
24/04/2015,14.562
27/04/2015,15.436667
28/04/2015,15.365333
29/04/2015,15.496667
30/04/2015,15.07
01/05/2015,15.068667
04/05/2015,15.367333
05/05/2015,15.53
06/05/2015,15.362
07/05/2015,15.786667
08/05/2015,15.774
11/05/2015,15.966
12/05/2015,16.316
13/05/2015,16.212
14/05/2015,16.273333
15/05/2015,16.589333
18/05/2015,16.583332
19/05/2015,16.476
20/05/2015,16.290001
21/05/2015,16.374666
22/05/2015,16.515333
26/05/2015,16.497334
27/05/2015,16.495333
28/05/2015,16.763332
29/05/2015,16.719999
01/06/2015,16.629999
02/06/2015,16.556667
03/06/2015,16.599333
04/06/2015,16.394667
05/06/2015,16.609333
08/06/2015,17.086
09/06/2015,17.066668
10/06/2015,16.713333
11/06/2015,16.760668
12/06/2015,16.712667
15/06/2015,16.691999
16/06/2015,16.874666
17/06/2015,17.360666
18/06/2015,17.459333
19/06/2015,17.500668
22/06/2015,17.319332
23/06/2015,17.844667
24/06/2015,17.677999
25/06/2015,17.919333
26/06/2015,17.806
29/06/2015,17.468
30/06/2015,17.884001
01/07/2015,17.943333
02/07/2015,18.667999
06/07/2015,18.648001
07/07/2015,17.858667
08/07/2015,16.997334
09/07/2015,17.194668
10/07/2015,17.276667
13/07/2015,17.477333
14/07/2015,17.709999
15/07/2015,17.542667
16/07/2015,17.778667
17/07/2015,18.310667
20/07/2015,18.817333
21/07/2015,17.784666
22/07/2015,17.858
23/07/2015,17.813334
24/07/2015,17.694
27/07/2015,16.867332
28/07/2015,17.654667
29/07/2015,17.587999
30/07/2015,17.785999
31/07/2015,17.743334
03/08/2015,17.332666
04/08/2015,17.752001
05/08/2015,18.008667
06/08/2015,16.408667
07/08/2015,16.167334
10/08/2015,16.076
11/08/2015,15.824667
12/08/2015,15.878
13/08/2015,16.167334
14/08/2015,16.209999
17/08/2015,16.999332
18/08/2015,17.381332
19/08/2015,17.016666
20/08/2015,16.145332
21/08/2015,15.384667
24/08/2015,14.591333
25/08/2015,14.668667
26/08/2015,14.989333
27/08/2015,16.199333
28/08/2015,16.565332
31/08/2015,16.604
01/09/2015,15.908667
02/09/2015,16.512667
03/09/2015,16.371332
04/09/2015,16.128668
08/09/2015,16.544666
09/09/2015,16.594
10/09/2015,16.565332
11/09/2015,16.682667
14/09/2015,16.879333
15/09/2015,16.904667
16/09/2015,17.483334
17/09/2015,17.471333
18/09/2015,17.374666
21/09/2015,17.613333
22/09/2015,17.396
23/09/2015,17.403999
24/09/2015,17.541332
25/09/2015,17.127333
28/09/2015,16.562
29/09/2015,16.443333
30/09/2015,16.559999
01/10/2015,15.992
02/10/2015,16.504667
05/10/2015,16.41
06/10/2015,16.097334
07/10/2015,15.464
08/10/2015,15.114667
09/10/2015,14.712667
12/10/2015,14.372
13/10/2015,14.616667
14/10/2015,14.458667
15/10/2015,14.754
16/10/2015,15.134
19/10/2015,15.206667
20/10/2015,14.202
21/10/2015,14.006
22/10/2015,14.114667
23/10/2015,13.939333
26/10/2015,14.350667
27/10/2015,14.023333
28/10/2015,14.197333
29/10/2015,14.108667
30/10/2015,13.795333
02/11/2015,14.252667
03/11/2015,13.89
04/11/2015,15.442
05/11/2015,15.451333
06/11/2015,15.490667
09/11/2015,15.022
10/11/2015,14.433333
11/11/2015,14.605333
12/11/2015,14.196
13/11/2015,13.812667
16/11/2015,14.287333
17/11/2015,14.266667
18/11/2015,14.738
19/11/2015,14.786667
20/11/2015,14.667333
23/11/2015,14.516667
24/11/2015,14.55
25/11/2015,15.309333
27/11/2015,15.440667
30/11/2015,15.350667
01/12/2015,15.812667
02/12/2015,15.466
03/12/2015,15.514
04/12/2015,15.358667
07/12/2015,15.408667
08/12/2015,15.114667
09/12/2015,14.968
10/12/2015,15.138
11/12/2015,14.468
14/12/2015,14.572
15/12/2015,14.739333
16/12/2015,15.634
17/12/2015,15.559333
18/12/2015,15.364
21/12/2015,15.504
22/12/2015,15.33
23/12/2015,15.313333
24/12/2015,15.371333
28/12/2015,15.263333
29/12/2015,15.812667
30/12/2015,15.872667
31/12/2015,16.000668
04/01/2016,14.894
05/01/2016,14.895333
06/01/2016,14.602667
07/01/2016,14.376667
08/01/2016,14.066667
11/01/2016,13.856667
12/01/2016,13.998
13/01/2016,13.354
14/01/2016,13.745333
15/01/2016,13.666
19/01/2016,13.648
20/01/2016,13.246667
21/01/2016,13.331333
22/01/2016,13.503333
25/01/2016,13.092
26/01/2016,12.904
27/01/2016,12.538
28/01/2016,12.646667
29/01/2016,12.746667
01/02/2016,13.129333
02/02/2016,12.185333
03/02/2016,11.565333
04/02/2016,11.688667
05/02/2016,10.84
08/02/2016,9.866
09/02/2016,9.883333
10/02/2016,9.578
11/02/2016,10.031333
12/02/2016,10.069333
16/02/2016,10.344667
17/02/2016,11.245333
18/02/2016,11.118
19/02/2016,11.105333
22/02/2016,11.849333
23/02/2016,11.814
24/02/2016,11.933333
25/02/2016,12.495333
26/02/2016,12.689333
29/02/2016,12.795333
01/03/2016,12.423333
02/03/2016,12.556
03/03/2016,13.049333
04/03/2016,13.402667
07/03/2016,13.686
08/03/2016,13.506667
09/03/2016,13.914667
10/03/2016,13.678667
11/03/2016,13.833333
14/03/2016,14.343333
15/03/2016,14.556
16/03/2016,14.795333
17/03/2016,15.092
18/03/2016,15.516
21/03/2016,15.888
22/03/2016,15.616
23/03/2016,14.838667
24/03/2016,15.183333
28/03/2016,15.350667
29/03/2016,15.342
30/03/2016,15.126
31/03/2016,15.318
01/04/2016,15.839333
04/04/2016,16.466
05/04/2016,17.031334
06/04/2016,17.694668
07/04/2016,17.146667
08/04/2016,16.671333
11/04/2016,16.661333
12/04/2016,16.521334
13/04/2016,16.968666
14/04/2016,16.790667
15/04/2016,16.967333
18/04/2016,16.925333
19/04/2016,16.491333
20/04/2016,16.664667
21/04/2016,16.552668
22/04/2016,16.916668
25/04/2016,16.788
26/04/2016,16.916
27/04/2016,16.764668
28/04/2016,16.514
29/04/2016,16.050667
02/05/2016,16.120001
03/05/2016,15.488
04/05/2016,14.837333
05/05/2016,14.102
06/05/2016,14.328667
09/05/2016,13.928
10/05/2016,13.912667
11/05/2016,13.930667
12/05/2016,13.818667
13/05/2016,13.840667
16/05/2016,13.886
17/05/2016,13.644
18/05/2016,14.078
19/05/2016,14.347333
20/05/2016,14.685333
23/05/2016,14.414667
24/05/2016,14.527333
25/05/2016,14.638667
26/05/2016,15.008
27/05/2016,14.869333
31/05/2016,14.882
01/06/2016,14.637333
02/06/2016,14.597333
03/06/2016,14.599333
06/06/2016,14.712
07/06/2016,15.489333
08/06/2016,15.701333
09/06/2016,15.290667
10/06/2016,14.586
13/06/2016,14.524667
14/06/2016,14.330667
15/06/2016,14.513333
16/06/2016,14.528667
17/06/2016,14.364667
20/06/2016,14.646667
21/06/2016,14.640667
22/06/2016,13.110667
23/06/2016,13.093333
24/06/2016,12.876667
27/06/2016,13.236667
28/06/2016,13.452667
29/06/2016,14.012667
30/06/2016,14.152
01/07/2016,14.433333
05/07/2016,14.265333
06/07/2016,14.296
07/07/2016,14.396
08/07/2016,14.452
11/07/2016,14.985333
12/07/2016,14.976667
13/07/2016,14.835333
14/07/2016,14.768667
15/07/2016,14.693333
18/07/2016,15.083333
19/07/2016,15.017333
20/07/2016,15.224
21/07/2016,14.7
22/07/2016,14.818
25/07/2016,15.334
26/07/2016,15.300667
27/07/2016,15.232667
28/07/2016,15.374
29/07/2016,15.652667
01/08/2016,15.334
02/08/2016,15.146667
03/08/2016,15.052667
04/08/2016,15.374
05/08/2016,15.335333
08/08/2016,15.077333
09/08/2016,15.272
10/08/2016,15.043333
11/08/2016,14.994
12/08/2016,15.040667
15/08/2016,15.039333
16/08/2016,14.907333
17/08/2016,14.882667
18/08/2016,14.900667
19/08/2016,15
22/08/2016,14.862
23/08/2016,14.989333
24/08/2016,14.841333
25/08/2016,14.730667
26/08/2016,14.666
29/08/2016,14.346667
30/08/2016,14.089333
31/08/2016,14.134
01/09/2016,13.384667
02/09/2016,13.185333
06/09/2016,13.522
07/09/2016,13.447333
08/09/2016,13.157333
09/09/2016,12.964667
12/09/2016,13.22
13/09/2016,13.07
14/09/2016,13.094
15/09/2016,13.361333
16/09/2016,13.693333
19/09/2016,13.756
20/09/2016,13.642667
21/09/2016,13.681333
22/09/2016,13.762
23/09/2016,13.83
26/09/2016,13.932667
27/09/2016,13.720667
28/09/2016,13.751333
29/09/2016,13.38
30/09/2016,13.602
03/10/2016,14.246667
04/10/2016,14.094
05/10/2016,13.897333
06/10/2016,13.4
07/10/2016,13.107333
10/10/2016,13.396667
11/10/2016,13.34
12/10/2016,13.434
13/10/2016,13.349333
14/10/2016,13.100667
17/10/2016,12.930667
18/10/2016,13.273333
19/10/2016,13.570667
20/10/2016,13.273333
21/10/2016,13.339333
24/10/2016,13.517333
25/10/2016,13.489333
26/10/2016,13.482667
27/10/2016,13.600667
28/10/2016,13.331333
31/10/2016,13.182
01/11/2016,12.719333
02/11/2016,12.534667
03/11/2016,12.494667
04/11/2016,12.704
07/11/2016,12.880667
08/11/2016,12.996
09/11/2016,12.670667
10/11/2016,12.356667
11/11/2016,12.570667
14/11/2016,12.096667
15/11/2016,12.251333
16/11/2016,12.262
17/11/2016,12.577333
18/11/2016,12.334667
21/11/2016,12.301333
22/11/2016,12.744667
23/11/2016,12.876
25/11/2016,13.11
28/11/2016,13.074667
29/11/2016,12.638
30/11/2016,12.626667
01/12/2016,12.125333
02/12/2016,12.098
05/12/2016,12.453333
06/12/2016,12.39
07/12/2016,12.876667
08/12/2016,12.819333
09/12/2016,12.812
12/12/2016,12.828667
13/12/2016,13.21
14/12/2016,13.246
15/12/2016,13.172
16/12/2016,13.499333
19/12/2016,13.515333
20/12/2016,13.919333
21/12/2016,13.846667
22/12/2016,13.896667
23/12/2016,14.222667
27/12/2016,14.635333
28/12/2016,14.649333
29/12/2016,14.312
30/12/2016,14.246
03/01/2017,14.466
04/01/2017,15.132667
05/01/2017,15.116667
06/01/2017,15.267333
09/01/2017,15.418667
10/01/2017,15.324667
11/01/2017,15.315333
12/01/2017,15.306
13/01/2017,15.85
17/01/2017,15.705333
18/01/2017,15.890667
19/01/2017,16.250668
20/01/2017,16.315332
23/01/2017,16.594667
24/01/2017,16.974001
25/01/2017,16.964666
26/01/2017,16.834
27/01/2017,16.863333
30/01/2017,16.708668
31/01/2017,16.795334
01/02/2017,16.615999
02/02/2017,16.77
03/02/2017,16.755333
06/02/2017,17.184668
07/02/2017,17.165333
08/02/2017,17.472
09/02/2017,17.946667
10/02/2017,17.948668
13/02/2017,18.706667
14/02/2017,18.732
15/02/2017,18.650667
16/02/2017,17.93
17/02/2017,18.148666
21/02/2017,18.492666
22/02/2017,18.233999
23/02/2017,17.066
24/02/2017,17.133333
27/02/2017,16.415333
28/02/2017,16.666
01/03/2017,16.667999
02/03/2017,16.698668
03/03/2017,16.771334
06/03/2017,16.747334
07/03/2017,16.572666
08/03/2017,16.458
09/03/2017,16.326668
10/03/2017,16.246
13/03/2017,16.411333
14/03/2017,17.200001
15/03/2017,17.048668
16/03/2017,17.469999
17/03/2017,17.433332
20/03/2017,17.461332
21/03/2017,16.712
22/03/2017,17.000668
23/03/2017,16.985332
24/03/2017,17.544001
27/03/2017,18.014668
28/03/2017,18.496668
29/03/2017,18.492001
30/03/2017,18.528
31/03/2017,18.553333
03/04/2017,19.901333
04/04/2017,20.246668
05/04/2017,19.666668
06/04/2017,19.913334
07/04/2017,20.169333
10/04/2017,20.826
11/04/2017,20.580667
12/04/2017,19.789333
13/04/2017,20.266666
17/04/2017,20.096001
18/04/2017,20.016666
19/04/2017,20.368
20/04/2017,20.167334
21/04/2017,20.373333
24/04/2017,20.535334
25/04/2017,20.919333
26/04/2017,20.677999
27/04/2017,20.575333
28/04/2017,20.938
01/05/2017,21.521999
02/05/2017,21.259333
03/05/2017,20.734667
04/05/2017,19.697332
05/05/2017,20.556667
08/05/2017,20.479334
09/05/2017,21.417334
10/05/2017,21.681334
11/05/2017,21.540001
12/05/2017,21.653999
15/05/2017,21.058666
16/05/2017,21.134001
17/05/2017,20.407333
18/05/2017,20.870667
19/05/2017,20.722
22/05/2017,20.690001
23/05/2017,20.257334
24/05/2017,20.681334
25/05/2017,21.122
26/05/2017,21.676001
30/05/2017,22.34
31/05/2017,22.733999
01/06/2017,22.691334
02/06/2017,22.656668
05/06/2017,23.154667
06/06/2017,23.523333
07/06/2017,23.976667
08/06/2017,24.666668
09/06/2017,23.821333
12/06/2017,23.934
13/06/2017,25.063334
14/06/2017,25.377333
15/06/2017,25.022667
16/06/2017,24.76
19/06/2017,24.653334
20/06/2017,24.816
21/06/2017,25.093332
22/06/2017,25.507334
23/06/2017,25.563334
26/06/2017,25.166
27/06/2017,24.158001
28/06/2017,24.749332
29/06/2017,24.049999
30/06/2017,24.107332
03/07/2017,23.507999
05/07/2017,21.806
06/07/2017,20.588667
07/07/2017,20.881332
10/07/2017,21.07
11/07/2017,21.814667
12/07/2017,21.968
13/07/2017,21.560667
14/07/2017,21.851999
17/07/2017,21.304667
18/07/2017,21.882668
19/07/2017,21.684
20/07/2017,21.994667
21/07/2017,21.893333
24/07/2017,22.834667
25/07/2017,22.639999
26/07/2017,22.923332
27/07/2017,22.297333
28/07/2017,22.337999
31/07/2017,21.564667
01/08/2017,21.304667
02/08/2017,21.726
03/08/2017,23.139334
04/08/2017,23.794001
07/08/2017,23.677999
08/08/2017,24.348
09/08/2017,24.235332
10/08/2017,23.693333
11/08/2017,23.858
14/08/2017,24.253332
15/08/2017,24.155333
16/08/2017,24.194
17/08/2017,23.461332
18/08/2017,23.164
21/08/2017,22.524
22/08/2017,22.756666
23/08/2017,23.518
24/08/2017,23.528667
25/08/2017,23.203333
28/08/2017,23.044001
29/08/2017,23.157333
30/08/2017,23.545334
31/08/2017,23.726667
01/09/2017,23.693333
05/09/2017,23.306
06/09/2017,22.968666
07/09/2017,23.374001
08/09/2017,22.893333
11/09/2017,24.246
12/09/2017,24.183332
13/09/2017,24.415333
14/09/2017,25.176001
15/09/2017,25.320667
18/09/2017,25.666668
19/09/2017,25.006666
20/09/2017,24.927334
21/09/2017,24.431999
22/09/2017,23.406
25/09/2017,22.999332
26/09/2017,23.016666
27/09/2017,22.731333
28/09/2017,22.639999
29/09/2017,22.74
02/10/2017,22.768667
03/10/2017,23.209333
04/10/2017,23.667334
05/10/2017,23.688667
06/10/2017,23.792
09/10/2017,22.862667
10/10/2017,23.705999
11/10/2017,23.639999
12/10/2017,23.712
13/10/2017,23.704666
16/10/2017,23.373333
17/10/2017,23.716667
18/10/2017,23.976667
19/10/2017,23.454
20/10/2017,23.006666
23/10/2017,22.468
24/10/2017,22.489332
25/10/2017,21.722668
26/10/2017,21.744667
27/10/2017,21.391333
30/10/2017,21.338667
31/10/2017,22.101999
01/11/2017,21.405333
02/11/2017,19.950666
03/11/2017,20.406
06/11/2017,20.185333
07/11/2017,20.403334
08/11/2017,20.292667
09/11/2017,20.199333
10/11/2017,20.199333
13/11/2017,21.026667
14/11/2017,20.58
15/11/2017,20.753332
16/11/2017,20.833332
17/11/2017,21.003332
20/11/2017,20.582666
21/11/2017,21.187332
22/11/2017,20.84
24/11/2017,21.036667
27/11/2017,21.120667
28/11/2017,21.17
29/11/2017,20.502666
30/11/2017,20.59
01/12/2017,20.435333
04/12/2017,20.346666
05/12/2017,20.246668
06/12/2017,20.884001
07/12/2017,20.749332
08/12/2017,21.008667
11/12/2017,21.927334
12/12/2017,22.735332
13/12/2017,22.601999
14/12/2017,22.525999
15/12/2017,22.896667
18/12/2017,22.591333
19/12/2017,22.073334
20/12/2017,21.931999
21/12/2017,22.110666
22/12/2017,21.68
26/12/2017,21.152666
27/12/2017,20.775999
28/12/2017,21.024
29/12/2017,20.756666
02/01/2018,21.368668
03/01/2018,21.15
04/01/2018,20.974667
05/01/2018,21.105333
08/01/2018,22.427334
09/01/2018,22.246
10/01/2018,22.32
11/01/2018,22.530001
12/01/2018,22.414667
16/01/2018,22.670668
17/01/2018,23.143999
18/01/2018,22.971333
19/01/2018,23.334667
22/01/2018,23.437332
23/01/2018,23.519333
24/01/2018,23.059334
25/01/2018,22.509333
26/01/2018,22.856667
29/01/2018,23.302
30/01/2018,23.054667
31/01/2018,23.620667
01/02/2018,23.283333
02/02/2018,22.916668
05/02/2018,22.208668
06/02/2018,22.264668
07/02/2018,23
08/02/2018,21.015333
09/02/2018,20.694668
12/02/2018,21.048668
13/02/2018,21.577333
14/02/2018,21.487333
15/02/2018,22.271334
16/02/2018,22.365999
20/02/2018,22.318001
21/02/2018,22.219999
22/02/2018,23.077999
23/02/2018,23.469999
26/02/2018,23.827999
27/02/2018,23.399332
28/02/2018,22.870667
01/03/2018,22.062
02/03/2018,22.341333
05/03/2018,22.223333
06/03/2018,21.879999
07/03/2018,22.153334
08/03/2018,21.940001
09/03/2018,21.811333
12/03/2018,23.034
13/03/2018,22.789333
14/03/2018,21.775333
15/03/2018,21.706667
16/03/2018,21.423332
19/03/2018,20.903999
20/03/2018,20.703333
21/03/2018,21.101999
22/03/2018,20.606667
23/03/2018,20.102667
26/03/2018,20.278667
27/03/2018,18.612
28/03/2018,17.185333
29/03/2018,17.742001
02/04/2018,16.832001
03/04/2018,17.835333
04/04/2018,19.129333
05/04/2018,20.381332
06/04/2018,19.953333
09/04/2018,19.310667
10/04/2018,20.313334
11/04/2018,20.062
12/04/2018,19.605333
13/04/2018,20.022667
16/04/2018,19.414
17/04/2018,19.179333
18/04/2018,19.556667
19/04/2018,20.005333
20/04/2018,19.349333
23/04/2018,18.891333
24/04/2018,18.897333
25/04/2018,18.712667
26/04/2018,19.032
27/04/2018,19.605333
30/04/2018,19.593332
01/05/2018,19.994667
02/05/2018,20.076668
03/05/2018,18.963333
04/05/2018,19.606001
07/05/2018,20.184668
08/05/2018,20.131332
09/05/2018,20.456667
10/05/2018,20.334667
11/05/2018,20.070667
14/05/2018,19.464666
15/05/2018,18.945333
16/05/2018,19.098667
17/05/2018,18.969334
18/05/2018,18.454666
21/05/2018,18.966
22/05/2018,18.334
23/05/2018,18.604668
24/05/2018,18.523333
25/05/2018,18.59
29/05/2018,18.917334
30/05/2018,19.448
31/05/2018,18.982
01/06/2018,19.454666
04/06/2018,19.782667
05/06/2018,19.408667
06/06/2018,21.299999
07/06/2018,21.072666
08/06/2018,21.177334
11/06/2018,22.139999
12/06/2018,22.851334
13/06/2018,22.985332
14/06/2018,23.848
15/06/2018,23.878
18/06/2018,24.722
19/06/2018,23.503332
20/06/2018,24.148001
21/06/2018,23.167334
22/06/2018,22.242001
25/06/2018,22.200666
26/06/2018,22.799999
27/06/2018,22.966667
28/06/2018,23.328667
29/06/2018,22.863333
02/07/2018,22.337999
03/07/2018,20.724001
05/07/2018,20.610666
06/07/2018,20.593332
09/07/2018,21.233999
10/07/2018,21.497999
11/07/2018,21.264
12/07/2018,21.114
13/07/2018,21.257999
16/07/2018,20.673332
17/07/2018,21.512667
18/07/2018,21.59
19/07/2018,21.348667
20/07/2018,20.905333
23/07/2018,20.213333
24/07/2018,19.828667
25/07/2018,20.582666
26/07/2018,20.443333
27/07/2018,19.812
30/07/2018,19.344667
31/07/2018,19.875999
01/08/2018,20.056
02/08/2018,23.302668
03/08/2018,23.211332
06/08/2018,22.799334
07/08/2018,25.304667
08/08/2018,24.689333
09/08/2018,23.496668
10/08/2018,23.699333
13/08/2018,23.760668
14/08/2018,23.176001
15/08/2018,22.579332
16/08/2018,22.363333
17/08/2018,20.366667
20/08/2018,20.562668
21/08/2018,21.459999
22/08/2018,21.442667
23/08/2018,21.34
24/08/2018,21.521334
27/08/2018,21.284666
28/08/2018,20.790667
29/08/2018,20.334
30/08/2018,20.209999
31/08/2018,20.110666
04/09/2018,19.263332
05/09/2018,18.716
06/09/2018,18.73
07/09/2018,17.549334
10/09/2018,19.033333
11/09/2018,18.629333
12/09/2018,19.369333
13/09/2018,19.297333
14/09/2018,19.68
17/09/2018,19.656
18/09/2018,18.997334
19/09/2018,19.934668
20/09/2018,19.888666
21/09/2018,19.940001
24/09/2018,19.978666
25/09/2018,20.066
26/09/2018,20.638666
27/09/2018,20.501333
28/09/2018,17.651333
01/10/2018,20.713333
02/10/2018,20.068001
03/10/2018,19.653334
04/10/2018,18.788668
05/10/2018,17.463333
08/10/2018,16.704
09/10/2018,17.52
10/10/2018,17.125334
11/10/2018,16.815332
12/10/2018,17.252001
15/10/2018,17.306
16/10/2018,18.439333
17/10/2018,18.118668
18/10/2018,17.594
19/10/2018,17.333332
22/10/2018,17.396667
23/10/2018,19.609333
24/10/2018,19.233334
25/10/2018,20.990667
26/10/2018,22.059999
29/10/2018,22.323334
30/10/2018,21.993334
31/10/2018,22.488001
01/11/2018,22.952
02/11/2018,23.094
05/11/2018,22.76
06/11/2018,22.737333
07/11/2018,23.210667
08/11/2018,23.426666
09/11/2018,23.367332
12/11/2018,22.085333
13/11/2018,22.582001
14/11/2018,22.933332
15/11/2018,23.229334
16/11/2018,23.620667
19/11/2018,23.564667
20/11/2018,23.166
21/11/2018,22.546
23/11/2018,21.722
26/11/2018,23.066668
27/11/2018,22.927999
28/11/2018,23.191334
29/11/2018,22.744667
30/11/2018,23.365334
03/12/2018,23.899332
04/12/2018,23.98
06/12/2018,24.204
07/12/2018,23.864668
10/12/2018,24.343332
11/12/2018,24.450666
12/12/2018,24.440001
13/12/2018,25.119333
14/12/2018,24.380667
17/12/2018,23.228001
18/12/2018,22.468666
19/12/2018,22.198
20/12/2018,21.025333
21/12/2018,21.318001
24/12/2018,19.692667
26/12/2018,21.739332
27/12/2018,21.075333
28/12/2018,22.257999
31/12/2018,22.186666
02/01/2019,20.674667
03/01/2019,20.024
04/01/2019,21.179333
07/01/2019,22.330667
08/01/2019,22.356667
09/01/2019,22.568666
10/01/2019,22.997999
11/01/2019,23.150667
14/01/2019,22.293333
15/01/2019,22.962
16/01/2019,23.07
17/01/2019,23.153999
18/01/2019,20.150667
22/01/2019,19.927999
23/01/2019,19.172667
24/01/2019,19.434
25/01/2019,19.802668
28/01/2019,19.758667
29/01/2019,19.830667
30/01/2019,20.584667
31/01/2019,20.468
01/02/2019,20.813999
04/02/2019,20.859333
05/02/2019,21.423332
06/02/2019,21.148001
07/02/2019,20.500668
08/02/2019,20.386667
11/02/2019,20.856001
12/02/2019,20.787333
13/02/2019,20.544666
14/02/2019,20.251333
15/02/2019,20.525333
19/02/2019,20.375999
20/02/2019,20.170668
21/02/2019,19.415333
22/02/2019,19.647333
25/02/2019,19.917999
26/02/2019,19.857332
27/02/2019,20.982668
28/02/2019,21.325333
01/03/2019,19.652666
04/03/2019,19.024
05/03/2019,18.436001
06/03/2019,18.416
07/03/2019,18.439333
08/03/2019,18.942667
11/03/2019,19.394667
12/03/2019,18.890667
13/03/2019,19.264
14/03/2019,19.330667
15/03/2019,18.362
18/03/2019,17.966
19/03/2019,17.831333
20/03/2019,18.24
21/03/2019,18.268
22/03/2019,17.635332
25/03/2019,17.361334
26/03/2019,17.851334
27/03/2019,18.322001
28/03/2019,18.574667
29/03/2019,18.657333
01/04/2019,19.278667
02/04/2019,19.058666
03/04/2019,19.454
04/04/2019,17.851999
05/04/2019,18.330667
08/04/2019,18.213333
09/04/2019,18.153999
10/04/2019,18.403999
11/04/2019,17.894667
12/04/2019,17.846666
15/04/2019,17.758667
16/04/2019,18.224001
17/04/2019,18.082001
18/04/2019,18.217333
22/04/2019,17.516666
23/04/2019,17.593332
24/04/2019,17.243999
25/04/2019,16.508667
26/04/2019,15.676
29/04/2019,16.098
30/04/2019,15.912667
01/05/2019,15.600667
02/05/2019,16.273333
03/05/2019,17.002001
06/05/2019,17.022667
07/05/2019,16.470667
08/05/2019,16.322666
09/05/2019,16.132
10/05/2019,15.968
13/05/2019,15.134
14/05/2019,15.487333
15/05/2019,15.463333
16/05/2019,15.222
17/05/2019,14.068667
20/05/2019,13.690667
21/05/2019,13.672
22/05/2019,12.848667
23/05/2019,13.032667
24/05/2019,12.708667
28/05/2019,12.58
29/05/2019,12.657333
30/05/2019,12.548
31/05/2019,12.344
03/06/2019,11.931333
04/06/2019,12.906667
05/06/2019,13.106
06/06/2019,13.73
07/06/2019,13.633333
10/06/2019,14.192
11/06/2019,14.473333
12/06/2019,13.950667
13/06/2019,14.260667
14/06/2019,14.328
17/06/2019,15.002
18/06/2019,14.982667
19/06/2019,15.095333
20/06/2019,14.641333
21/06/2019,14.790667
24/06/2019,14.909333
25/06/2019,14.650667
26/06/2019,14.618
27/06/2019,14.856
28/06/2019,14.897333
01/07/2019,15.144667
02/07/2019,14.97
03/07/2019,15.66
05/07/2019,15.54
08/07/2019,15.356
09/07/2019,15.337333
10/07/2019,15.928
11/07/2019,15.906667
12/07/2019,16.338667
15/07/2019,16.9
16/07/2019,16.825333
17/07/2019,16.990667
18/07/2019,16.902666
19/07/2019,17.212
22/07/2019,17.045334
23/07/2019,17.344667
24/07/2019,17.658667
25/07/2019,15.254667
26/07/2019,15.202667
29/07/2019,15.718
30/07/2019,16.150667
31/07/2019,16.107332
01/08/2019,15.59
02/08/2019,15.622667
05/08/2019,15.221333
06/08/2019,15.383333
07/08/2019,15.561333
08/08/2019,15.886667
09/08/2019,15.667333
12/08/2019,15.267333
13/08/2019,15.666667
14/08/2019,14.641333
15/08/2019,14.376
16/08/2019,14.662667
19/08/2019,15.122
20/08/2019,15.057333
21/08/2019,14.722
22/08/2019,14.81
23/08/2019,14.093333
26/08/2019,14.333333
27/08/2019,14.272
28/08/2019,14.372667
29/08/2019,14.780667
30/08/2019,15.040667
03/09/2019,15.000667
04/09/2019,14.712
05/09/2019,15.305333
06/09/2019,15.163333
09/09/2019,15.452667
10/09/2019,15.702667
11/09/2019,16.473333
12/09/2019,16.391333
13/09/2019,16.346666
16/09/2019,16.187332
17/09/2019,16.319332
18/09/2019,16.232668
19/09/2019,16.440001
20/09/2019,16.041332
23/09/2019,16.082001
24/09/2019,14.880667
25/09/2019,15.246667
26/09/2019,16.170668
27/09/2019,16.142
30/09/2019,16.058001
01/10/2019,16.312668
02/10/2019,16.208668
03/10/2019,15.535333
04/10/2019,15.428667
07/10/2019,15.848
08/10/2019,16.003332
09/10/2019,16.302
10/10/2019,16.316
11/10/2019,16.525999
14/10/2019,17.130667
15/10/2019,17.192667
16/10/2019,17.316668
17/10/2019,17.464666
18/10/2019,17.129999
21/10/2019,16.9
22/10/2019,17.038668
23/10/2019,16.978666
24/10/2019,19.978666
25/10/2019,21.875334
28/10/2019,21.847334
29/10/2019,21.081333
30/10/2019,21.000668
31/10/2019,20.994667
01/11/2019,20.887333
04/11/2019,21.164667
05/11/2019,21.148001
06/11/2019,21.771999
07/11/2019,22.369333
08/11/2019,22.476
11/11/2019,23.006001
12/11/2019,23.328667
13/11/2019,23.073999
14/11/2019,23.290001
15/11/2019,23.478001
18/11/2019,23.332666
19/11/2019,23.968
20/11/2019,23.481333
21/11/2019,23.655333
22/11/2019,22.202667
25/11/2019,22.422667
26/11/2019,21.927999
27/11/2019,22.086
29/11/2019,21.996
02/12/2019,22.324667
03/12/2019,22.413334
04/12/2019,22.202
05/12/2019,22.024668
06/12/2019,22.392668
09/12/2019,22.635332
10/12/2019,23.256001
11/12/2019,23.513332
12/12/2019,23.978666
13/12/2019,23.892668
16/12/2019,25.433332
17/12/2019,25.266001
18/12/2019,26.209999
19/12/2019,26.936001
20/12/2019,27.039333
23/12/2019,27.948
24/12/2019,28.35
26/12/2019,28.729334
27/12/2019,28.691999
30/12/2019,27.646667
31/12/2019,27.888666
02/01/2020,28.684
03/01/2020,29.534
06/01/2020,30.102667
07/01/2020,31.270666
08/01/2020,32.809334
09/01/2020,32.089333
10/01/2020,31.876667
13/01/2020,34.990665
14/01/2020,35.861332
15/01/2020,34.566666
16/01/2020,34.232666
17/01/2020,34.033333
21/01/2020,36.48
22/01/2020,37.970669
23/01/2020,38.146667
24/01/2020,37.654667
27/01/2020,37.201332
28/01/2020,37.793331
29/01/2020,38.732666
30/01/2020,42.720669
31/01/2020,43.371334
03/02/2020,52
04/02/2020,59.137333
05/02/2020,48.98
06/02/2020,49.930668
07/02/2020,49.871334
10/02/2020,51.418667
11/02/2020,51.625332
12/02/2020,51.152668
13/02/2020,53.599998
14/02/2020,53.335335
18/02/2020,57.226665
19/02/2020,61.161331
20/02/2020,59.960667
21/02/2020,60.066666
24/02/2020,55.585999
25/02/2020,53.327332
26/02/2020,51.919998
27/02/2020,45.266666
28/02/2020,44.532665
02/03/2020,49.574669
03/03/2020,49.700668
04/03/2020,49.966667
05/03/2020,48.302666
06/03/2020,46.898666
09/03/2020,40.533333
10/03/2020,43.021999
11/03/2020,42.282001
12/03/2020,37.369999
13/03/2020,36.441334
16/03/2020,29.671333
17/03/2020,28.68
18/03/2020,24.081333
19/03/2020,28.509333
20/03/2020,28.502001
23/03/2020,28.952667
24/03/2020,33.666668
25/03/2020,35.950001
26/03/2020,35.210667
27/03/2020,34.290668
30/03/2020,33.475334
31/03/2020,34.933334
01/04/2020,32.104
02/04/2020,30.298
03/04/2020,32.000668
06/04/2020,34.416
07/04/2020,36.363335
08/04/2020,36.589333
09/04/2020,38.200001
13/04/2020,43.396667
14/04/2020,47.326
15/04/2020,48.655334
16/04/2020,49.680668
17/04/2020,50.259335
20/04/2020,49.757332
21/04/2020,45.781334
22/04/2020,48.807335
23/04/2020,47.042
24/04/2020,48.343334
27/04/2020,53.25
28/04/2020,51.274666
29/04/2020,53.367332
30/04/2020,52.125332
01/05/2020,46.754665
04/05/2020,50.745998
05/05/2020,51.214001
06/05/2020,52.172001
07/05/2020,52.002666
08/05/2020,54.627998
11/05/2020,54.085999
12/05/2020,53.960667
13/05/2020,52.730667
14/05/2020,53.555332
15/05/2020,53.278
18/05/2020,54.242001
19/05/2020,53.867332
20/05/2020,54.370667
21/05/2020,55.173332
22/05/2020,54.458668
26/05/2020,54.591331
27/05/2020,54.681999
28/05/2020,53.720669
29/05/2020,55.666668
01/06/2020,59.873333
02/06/2020,58.770668
03/06/2020,58.863998
04/06/2020,57.625332
05/06/2020,59.043999
08/06/2020,63.327999
09/06/2020,62.711334
10/06/2020,68.33667
11/06/2020,64.856003
12/06/2020,62.352001
15/06/2020,66.059998
16/06/2020,65.475334
17/06/2020,66.119331
18/06/2020,66.930664
19/06/2020,66.726669
22/06/2020,66.288002
23/06/2020,66.785332
24/06/2020,64.056664
25/06/2020,65.732002
26/06/2020,63.982666
29/06/2020,67.290001
30/06/2020,71.987335
01/07/2020,74.641998
02/07/2020,80.577332
06/07/2020,91.438667
07/07/2020,92.657333
08/07/2020,91.05867
09/07/2020,92.952003
10/07/2020,102.976669
13/07/2020,99.804001
14/07/2020,101.120003
15/07/2020,103.067329
16/07/2020,100.042664
17/07/2020,100.056
20/07/2020,109.533333
21/07/2020,104.557335
22/07/2020,106.155334
23/07/2020,100.87133
24/07/2020,94.466667
27/07/2020,102.639999
28/07/2020,98.432671
29/07/2020,99.940666
30/07/2020,99.166
31/07/2020,95.384003
03/08/2020,99
04/08/2020,99.133331
05/08/2020,99.001335
06/08/2020,99.305336
07/08/2020,96.847336
10/08/2020,94.571335
11/08/2020,91.625999
12/08/2020,103.650665
13/08/2020,108.066666
14/08/2020,110.047333
17/08/2020,122.375999
18/08/2020,125.806
19/08/2020,125.235336
20/08/2020,133.455338
21/08/2020,136.665329
24/08/2020,134.279999
25/08/2020,134.889328
26/08/2020,143.544662
27/08/2020,149.25
28/08/2020,147.559998
31/08/2020,166.106674
01/09/2020,158.350006
02/09/2020,149.123337
03/09/2020,135.666672
04/09/2020,139.440002
08/09/2020,110.07
09/09/2020,122.09333
10/09/2020,123.779999
11/09/2020,124.239998
14/09/2020,139.873337
15/09/2020,149.919998
16/09/2020,147.253326
17/09/2020,141.143326
18/09/2020,147.383331
21/09/2020,149.796661
22/09/2020,141.410004
23/09/2020,126.786667
24/09/2020,129.263336
25/09/2020,135.779999
28/09/2020,140.399994
29/09/2020,139.690002
30/09/2020,143.003326
01/10/2020,149.386673
02/10/2020,138.363327
05/10/2020,141.893326
06/10/2020,137.993332
07/10/2020,141.766663
08/10/2020,141.973328
09/10/2020,144.666672
12/10/2020,147.433334
13/10/2020,148.883331
14/10/2020,153.766663
15/10/2020,149.626663
16/10/2020,146.556671
19/10/2020,143.610001
20/10/2020,140.646667
21/10/2020,140.880005
22/10/2020,141.929993
23/10/2020,140.210007
26/10/2020,140.093338
27/10/2020,141.559998
28/10/2020,135.339996
29/10/2020,136.943329
30/10/2020,129.346664
02/11/2020,133.503326
03/11/2020,141.300003
04/11/2020,140.32666
05/11/2020,146.029999
06/11/2020,143.316666
09/11/2020,140.419998
10/11/2020,136.786667
11/11/2020,139.043335
12/11/2020,137.253326
13/11/2020,136.166672
16/11/2020,136.029999
17/11/2020,147.203339
18/11/2020,162.213333
19/11/2020,166.42334
20/11/2020,163.203339
23/11/2020,173.949997
24/11/2020,185.126663
25/11/2020,191.333328
27/11/2020,195.253326
30/11/2020,189.199997
01/12/2020,194.919998
02/12/2020,189.606674
03/12/2020,197.793335
04/12/2020,199.679993
07/12/2020,213.919998
08/12/2020,216.626663
09/12/2020,201.493332
10/12/2020,209.023331
11/12/2020,203.330002
14/12/2020,213.276672
15/12/2020,211.083328
16/12/2020,207.589996
17/12/2020,218.633331
18/12/2020,231.666672
21/12/2020,216.619995
22/12/2020,213.446671
23/12/2020,215.32666
24/12/2020,220.589996
28/12/2020,221.229996
29/12/2020,221.996674
30/12/2020,231.593338
31/12/2020,235.223328
04/01/2021,243.256668
05/01/2021,245.036667
06/01/2021,251.993332
07/01/2021,272.013336
08/01/2021,293.339996
11/01/2021,270.396667
12/01/2021,283.146667
13/01/2021,284.803345
14/01/2021,281.666656
15/01/2021,275.386658
19/01/2021,281.516663
20/01/2021,283.483337
21/01/2021,281.66333
22/01/2021,282.213318
25/01/2021,293.600006
26/01/2021,294.363342
27/01/2021,288.053345
28/01/2021,278.476654
29/01/2021,264.51001
01/02/2021,279.936676
02/02/2021,290.929993
03/02/2021,284.896667
04/02/2021,283.329987
05/02/2021,284.07666
08/02/2021,287.806671
09/02/2021,283.15332
10/02/2021,268.273346
11/02/2021,270.553345
12/02/2021,272.040009
16/02/2021,265.406677
17/02/2021,266.049988
18/02/2021,262.459991
19/02/2021,260.433319
22/02/2021,238.166672
23/02/2021,232.946671
24/02/2021,247.339996
25/02/2021,227.406662
26/02/2021,225.166672
01/03/2021,239.476669
02/03/2021,228.813339
03/03/2021,217.733337
04/03/2021,207.146667
05/03/2021,199.316666
08/03/2021,187.666672
09/03/2021,224.526672
10/03/2021,222.686661
11/03/2021,233.199997
12/03/2021,231.243332
15/03/2021,235.979996
16/03/2021,225.626663
17/03/2021,233.936661
18/03/2021,217.720001
19/03/2021,218.289993
22/03/2021,223.333328
23/03/2021,220.720001
24/03/2021,210.089996
25/03/2021,213.463333
26/03/2021,206.236664
29/03/2021,203.763336
30/03/2021,211.873337
31/03/2021,222.643326
01/04/2021,220.583328
05/04/2021,230.350006
06/04/2021,230.539993
07/04/2021,223.656662
08/04/2021,227.933334
09/04/2021,225.67334
12/04/2021,233.993332
13/04/2021,254.106674
14/04/2021,244.07666
15/04/2021,246.28334
16/04/2021,246.593338
19/04/2021,238.210007
20/04/2021,239.66333
21/04/2021,248.039993
22/04/2021,239.896667
23/04/2021,243.133331
26/04/2021,246.066666
27/04/2021,234.91333
28/04/2021,231.46666
29/04/2021,225.666672
30/04/2021,236.479996
03/05/2021,228.300003
04/05/2021,224.53334
05/05/2021,223.646667
06/05/2021,221.179993
07/05/2021,224.123337
10/05/2021,209.679993
11/05/2021,205.733337
12/05/2021,196.630005
13/05/2021,190.563339
14/05/2021,196.580002
17/05/2021,192.276672
18/05/2021,192.623337
19/05/2021,187.820007
20/05/2021,195.593338
21/05/2021,193.626663
24/05/2021,202.146667
25/05/2021,201.563339
26/05/2021,206.376663
27/05/2021,210.28334
28/05/2021,208.406662
01/06/2021,207.96666
02/06/2021,201.706665
03/06/2021,190.946671
04/06/2021,199.683334
07/06/2021,201.710007
08/06/2021,201.196671
09/06/2021,199.593338
10/06/2021,203.373337
11/06/2021,203.296661
14/06/2021,205.896667
15/06/2021,199.786667
16/06/2021,201.623337
17/06/2021,205.53334
18/06/2021,207.770004
21/06/2021,206.943329
22/06/2021,207.903336
23/06/2021,218.856674
24/06/2021,226.606674
25/06/2021,223.956665
28/06/2021,229.573334
29/06/2021,226.919998
30/06/2021,226.566666
01/07/2021,225.973328
02/07/2021,226.300003
06/07/2021,219.860001
07/07/2021,214.883331
08/07/2021,217.603333
09/07/2021,218.983337
12/07/2021,228.566666
13/07/2021,222.846664
14/07/2021,217.793335
15/07/2021,216.866669
16/07/2021,214.740005
19/07/2021,215.406662
20/07/2021,220.166672
21/07/2021,218.429993
22/07/2021,216.419998
23/07/2021,214.460007
26/07/2021,219.206665
27/07/2021,214.926666
28/07/2021,215.660004
29/07/2021,225.78334
30/07/2021,229.066666
02/08/2021,236.556671
03/08/2021,236.580002
04/08/2021,236.973328
05/08/2021,238.210007
06/08/2021,233.03334
09/08/2021,237.919998
10/08/2021,236.66333
11/08/2021,235.940002
12/08/2021,240.75
13/08/2021,239.056671
16/08/2021,228.723328
17/08/2021,221.903336
18/08/2021,229.66333
19/08/2021,224.490005
20/08/2021,226.753326
23/08/2021,235.433334
24/08/2021,236.16333
25/08/2021,237.066666
26/08/2021,233.720001
27/08/2021,237.306671
30/08/2021,243.636673
31/08/2021,245.240005
01/09/2021,244.696671
02/09/2021,244.130005
03/09/2021,244.523331
07/09/2021,250.973328
08/09/2021,251.289993
09/09/2021,251.619995
10/09/2021,245.42334
13/09/2021,247.666672
14/09/2021,248.16333
15/09/2021,251.943329
16/09/2021,252.330002
17/09/2021,253.16333
20/09/2021,243.389999
21/09/2021,246.460007
22/09/2021,250.646667
23/09/2021,251.213333
24/09/2021,258.130005
27/09/2021,263.786682
28/09/2021,259.186676
29/09/2021,260.436676
30/09/2021,258.493347
01/10/2021,258.406677
04/10/2021,260.51001
05/10/2021,260.196655
06/10/2021,260.916656
07/10/2021,264.536682
08/10/2021,261.829987
11/10/2021,263.980011
12/10/2021,268.573334
13/10/2021,270.359985
14/10/2021,272.773346
15/10/2021,281.01001
18/10/2021,290.036682
19/10/2021,288.089996
20/10/2021,288.600006
21/10/2021,298
22/10/2021,303.226654
25/10/2021,341.619995
26/10/2021,339.476654
27/10/2021,345.953339
28/10/2021,359.013336
29/10/2021,371.333344
01/11/2021,402.863342
02/11/2021,390.666656
03/11/2021,404.619995
04/11/2021,409.970001
05/11/2021,407.363342
08/11/2021,387.646667
09/11/2021,341.166656
10/11/2021,355.983337
11/11/2021,354.503326
12/11/2021,344.473328
15/11/2021,337.796661
16/11/2021,351.57666
17/11/2021,363.003326
18/11/2021,365.459991
19/11/2021,379.019989
22/11/2021,385.623322
23/11/2021,369.676666
24/11/2021,372
26/11/2021,360.640015
29/11/2021,378.996674
30/11/2021,381.58667
01/12/2021,365
02/12/2021,361.533325
03/12/2021,338.323334
06/12/2021,336.33667
07/12/2021,350.583344
08/12/2021,356.320007
09/12/2021,334.600006
10/12/2021,339.01001
13/12/2021,322.136658
14/12/2021,319.503326
15/12/2021,325.329987
16/12/2021,308.973328
17/12/2021,310.856659
20/12/2021,299.980011
21/12/2021,312.843323
22/12/2021,336.290009
23/12/2021,355.666656
27/12/2021,364.646667
28/12/2021,362.823334
29/12/2021,362.063324
30/12/2021,356.779999
31/12/2021,352.26001
03/01/2022,399.926666
04/01/2022,383.196655
05/01/2022,362.706665
06/01/2022,354.899994
07/01/2022,342.320007
10/01/2022,352.706665
11/01/2022,354.799988
12/01/2022,368.73999
13/01/2022,343.853333
14/01/2022,349.869995
18/01/2022,343.503326
19/01/2022,331.883331
20/01/2022,332.089996
21/01/2022,314.633331
24/01/2022,310
25/01/2022,306.133331
26/01/2022,312.470001
27/01/2022,276.366669
28/01/2022,282.116669
31/01/2022,312.23999
01/02/2022,310.416656
02/02/2022,301.886658
03/02/2022,297.046661
04/02/2022,307.773346
07/02/2022,302.446655
08/02/2022,307.333344
09/02/2022,310.666656
10/02/2022,301.516663
11/02/2022,286.666656
14/02/2022,291.920013
15/02/2022,307.476654
16/02/2022,307.796661
17/02/2022,292.116669
18/02/2022,285.660004
22/02/2022,273.843323
23/02/2022,254.679993
24/02/2022,266.92334
25/02/2022,269.956665
28/02/2022,290.143341
01/03/2022,288.123322
02/03/2022,293.296661
03/03/2022,279.763336
04/03/2022,279.429993
07/03/2022,268.193329
08/03/2022,274.799988
09/03/2022,286.323334
10/03/2022,279.433319
11/03/2022,265.116669
14/03/2022,255.456665
15/03/2022,267.296661
16/03/2022,280.07666
17/03/2022,290.533325
18/03/2022,301.796661
21/03/2022,307.053345
22/03/2022,331.32666
23/03/2022,333.036682
24/03/2022,337.973328
25/03/2022,336.880005
28/03/2022,363.946655
29/03/2022,366.523346
30/03/2022,364.66333
31/03/2022,359.200012
01/04/2022,361.529999
04/04/2022,381.816681
05/04/2022,363.753326
06/04/2022,348.58667
07/04/2022,352.420013
08/04/2022,341.829987
11/04/2022,325.309998
12/04/2022,328.983337
13/04/2022,340.790009
14/04/2022,328.333344
18/04/2022,334.763336
19/04/2022,342.716675
20/04/2022,325.733337
21/04/2022,336.26001
22/04/2022,335.016663
25/04/2022,332.67334
26/04/2022,292.140015
27/04/2022,293.83667
28/04/2022,292.503326
29/04/2022,290.253326
02/05/2022,300.980011
03/05/2022,303.083344
04/05/2022,317.540009
05/05/2022,291.093323
06/05/2022,288.549988
09/05/2022,262.369995
10/05/2022,266.679993
11/05/2022,244.666672
12/05/2022,242.666672
13/05/2022,256.529999
16/05/2022,241.456665
17/05/2022,253.869995
18/05/2022,236.603333
19/05/2022,236.473328
20/05/2022,221.300003
23/05/2022,224.96666
24/05/2022,209.386673
25/05/2022,219.600006
26/05/2022,235.910004
27/05/2022,253.210007
31/05/2022,252.753326
01/06/2022,246.789993
02/06/2022,258.333344
03/06/2022,234.516663
06/06/2022,238.279999
07/06/2022,238.886673
08/06/2022,241.866669
09/06/2022,239.706665
10/06/2022,232.229996
13/06/2022,215.736664
14/06/2022,220.889999
15/06/2022,233
16/06/2022,213.100006
17/06/2022,216.759995
21/06/2022,237.036667
22/06/2022,236.08667
23/06/2022,235.070007
24/06/2022,245.706665
27/06/2022,244.919998
28/06/2022,232.66333
29/06/2022,228.490005
30/06/2022,224.473328
01/07/2022,227.263336
05/07/2022,233.066666
06/07/2022,231.733337
07/07/2022,244.543335
08/07/2022,250.763336
11/07/2022,234.343338
12/07/2022,233.070007
13/07/2022,237.039993
14/07/2022,238.313339
15/07/2022,240.066666
18/07/2022,240.546661
19/07/2022,245.529999
20/07/2022,247.5
21/07/2022,271.706665
22/07/2022,272.243347
25/07/2022,268.433319
26/07/2022,258.859985
27/07/2022,274.820007
28/07/2022,280.899994
29/07/2022,297.149994
01/08/2022,297.276672
02/08/2022,300.58667
03/08/2022,307.396667
04/08/2022,308.633331
05/08/2022,288.170013
08/08/2022,290.42334
09/08/2022,283.333344
10/08/2022,294.356659
11/08/2022,286.630005
12/08/2022,300.029999
15/08/2022,309.320007
16/08/2022,306.563324
17/08/2022,303.996674
18/08/2022,302.869995
19/08/2022,296.666656
22/08/2022,289.91333
23/08/2022,296.453339
24/08/2022,297.09668
25/08/2022,296.070007
26/08/2022,288.089996
29/08/2022,284.820007
30/08/2022,277.700012
31/08/2022,275.609985
01/09/2022,277.160004
02/09/2022,270.209991
06/09/2022,274.420013
07/09/2022,283.700012
08/09/2022,289.26001
09/09/2022,299.679993
12/09/2022,304.420013
13/09/2022,292.130005
14/09/2022,302.609985
15/09/2022,303.75
16/09/2022,303.350006
19/09/2022,309.070007
20/09/2022,308.730011
21/09/2022,300.799988
22/09/2022,288.589996
23/09/2022,275.329987
26/09/2022,276.01001
27/09/2022,282.940002
28/09/2022,287.809998
29/09/2022,268.209991
30/09/2022,265.25
03/10/2022,242.399994
04/10/2022,249.440002
05/10/2022,240.809998
06/10/2022,238.130005
07/10/2022,223.070007
10/10/2022,222.960007
11/10/2022,216.5
12/10/2022,217.240005
13/10/2022,221.720001
14/10/2022,204.990005
17/10/2022,219.350006
18/10/2022,220.190002
19/10/2022,222.039993
20/10/2022,207.279999
21/10/2022,214.440002
24/10/2022,211.25
25/10/2022,222.419998
26/10/2022,224.639999
27/10/2022,225.089996
28/10/2022,228.520004
31/10/2022,227.539993
01/11/2022,227.820007
02/11/2022,214.979996
03/11/2022,215.309998
04/11/2022,207.470001
07/11/2022,197.080002
08/11/2022,191.300003
09/11/2022,177.589996
10/11/2022,190.720001
11/11/2022,195.970001
14/11/2022,190.949997
15/11/2022,194.419998
16/11/2022,186.919998
17/11/2022,183.169998
18/11/2022,180.190002
21/11/2022,167.869995
22/11/2022,169.910004
23/11/2022,183.199997
25/11/2022,182.860001
28/11/2022,182.919998
29/11/2022,180.830002
30/11/2022,194.699997
01/12/2022,194.699997
02/12/2022,194.860001
05/12/2022,182.449997
06/12/2022,179.820007
07/12/2022,174.039993
08/12/2022,173.440002
09/12/2022,179.050003
12/12/2022,167.820007
13/12/2022,160.949997
14/12/2022,156.800003
