AR1,ARMA11,MA1
0,0,0
-0.984863559,0.646808499,3.575671093
1.734153366,1.00409419,1.859925923
1.597605651,-0.080841217,-0.622405014
-0.549660454,2.752125442,0.481576709
3.200212018,5.838124805,2.87486559
-0.038934151,1.926216446,3.524426884
-1.810332121,0.319125439,-2.720451743
-4.084952542,4.414624725,-0.028424866
-0.318591858,4.582959864,2.455795262
1.052812333,2.184440976,2.730376293
-0.163544101,1.372054992,3.155638556
1.481512378,0.28786236,1.39974906
0.384009836,-1.834425418,5.652619617
1.104733484,-5.263890951,2.955006232
0.140792466,-7.283255264,-0.337163739
1.944810509,-4.303147427,3.699944594
1.821136228,-4.728428204,4.97334988
4.998007359,-2.287470666,4.727315152
2.2264965,1.06410275,-0.199701302
0.835591582,0.042745064,-1.138032062
3.323804225,2.129871527,4.93757379
2.182256812,6.970704998,1.432171395
1.498728211,9.020430685,0.829225061
-0.241975094,6.510190807,6.088892107
-1.596267875,2.963595576,0.001337153
-1.655045075,0.717643738,-1.547789034
-0.324616208,-1.485400749,-1.33964258
5.02729701,-0.988399471,-1.81330028
3.657699128,-1.126424284,2.716174697
-1.352880844,-1.497091787,1.681887602
-5.241087597,-0.447689113,0.468084987
-2.281897175,-0.139534694,0.203989473
-0.194729434,1.38166172,-2.104209099
-0.949060215,3.675184078,-6.168841523
-2.272671103,6.283343508,-4.47353804
-1.6461798,7.073148587,-0.682673028
-0.644727054,7.428108341,-0.94516038
-2.658924917,7.779414187,-0.619309395
-1.736082453,10.95182697,-2.01941062
-2.136937896,9.854345585,-5.89649672
-3.214606139,7.36910616,-5.575061104
-3.611610245,5.682308933,0.111695143
-0.797209752,4.562902902,-3.127427088
-2.275580745,6.03123291,-5.392954252
-8.003634548,10.7003025,-2.247110143
-9.275654225,9.819024288,-1.650813794
-9.49896998,1.089148993,-0.955472112
-2.733590048,-7.897865385,0.899827713
1.328126991,-5.153993937,-0.494937177
-0.790472633,-0.49117503,-0.97082538
-1.674365042,-1.053900248,4.28946333
-0.349341298,-2.451440932,2.226731062
-2.54204645,-5.215623546,-1.603077613
-0.01564773,-0.410270406,-1.472357009
-0.166370736,4.103112314,2.97303167
1.675269921,3.08022967,3.466687184
0.740714167,3.987376822,2.114435432
-0.392677113,1.405541071,3.292514221
-1.614131337,-1.288185521,1.268365125
1.116579924,-1.654806599,2.175446652
2.648501906,0.175453899,1.07824457
-0.925294078,-1.363349091,-1.610465351
-2.426858986,1.289406448,1.844597852
1.974961307,1.295237247,4.403714647
2.053567802,0.341547445,1.349781528
3.824976171,1.406425303,4.389922523
1.776862116,-1.307497276,1.774220716
2.871120193,-0.986270235,2.724686387
2.233700483,-3.172636751,0.738795122
-0.038140677,-8.150253053,-0.008725059
-2.458004394,-8.737167012,3.373650529
0.590373719,-6.043199439,0.67909571
2.099503016,-2.175462242,-1.180991425
3.310468115,-1.212103195,1.329652212
1.125323778,-4.244671894,3.816733489
4.348197482,-2.253265973,0.172735377
1.713593458,-0.988134082,-0.696436939
1.16600967,-5.098387818,1.504357618
-1.048813747,-5.348547509,1.109248564
0.265032606,-3.23877478,1.679630137
2.413418529,-2.891243489,-2.713544234
-0.772010467,-5.238263928,-1.680361236
-1.4313567,-9.154498106,0.625063641
-2.667379507,-8.167485419,-1.243189825
-0.938530504,-5.363935417,-3.086882253
1.861250419,-7.186715504,-4.606361886
-2.953229678,-7.111958105,-1.122468259
1.569844502,-5.960521538,-2.274713668
1.651176735,-3.60513288,-1.368101607
2.868296114,-0.341956796,1.99930376
0.698291775,-1.029708951,-0.477917086
0.482931132,-1.312412251,-0.049672426
0.394328393,2.136989945,1.988070913
1.460117247,2.57696024,-1.684455287
0.840148782,2.00385655,-1.717567953
2.57609107,2.623811655,0.339527909
3.091956411,2.362076695,-2.61756462
-0.546437273,3.697838063,-5.415038789
1.809366826,4.655521873,-2.812242714
0.354847475,1.979325528,4.076971408
0.415024983,-1.521250649,6.593269025
-2.443223065,-2.372752074,3.66657802
0.445628509,-4.173807551,-0.517187672
0.981425158,-5.026602568,1.872652873
3.779522832,-4.57731992,4.679540254
1.497228278,1.698213284,2.949943828
-2.18699611,2.22576878,-1.212138337
-4.31763692,-2.831193169,-4.540997519
0.279758218,-7.20566994,-4.16737818
-1.333477001,-5.320191178,-1.06490263
-2.074168104,1.027260023,-0.415794502
-4.986310698,5.263890726,-2.626771268
-1.811412672,7.691960984,-3.32749548
-0.32170381,7.764682228,-1.717154859
3.342320642,7.080630833,-1.1615821
0.168404557,2.255045378,-1.053067149
0.744638516,-0.103360734,1.134596438
0.26330854,1.134950678,2.773859558
-0.490130772,0.956855057,1.331453483
-0.715032241,-0.740664328,-0.005511817
-0.744636408,0.216831133,1.702375404
-4.823311505,1.740099305,2.052398747
-0.705194787,2.852109489,0.682714832
0.919415693,2.322708992,0.365959551
5.001645231,0.331086254,-0.623768115
3.114784328,0.950330852,-2.842666916
1.97217803,4.455916931,0.601548522
-0.454847849,6.589955523,4.64576068
-1.017414063,4.095187648,-0.204149245
-3.247348591,-0.498874542,-2.64209602
-2.278111651,-3.244220274,-4.624412273
0.241188317,-5.337022612,-2.559444955
-0.220493791,-4.10159262,-0.775908493
0.443535543,-5.496181799,-1.715671458
-0.647185154,-5.229259487,0.444481159
-4.202300358,1.523856616,3.10055476
-2.960710323,7.344277428,3.546194425
-1.358009797,9.437638885,-2.465080529
0.675393965,10.22327653,-4.512984661
1.095877953,8.629481767,-2.882066381
1.068253371,4.499527311,-0.395421953
-3.362243724,0.716511973,-1.872156648
-0.557652684,-1.311156532,0.537316524
3.752868932,-1.010012828,1.354163181
5.102947408,-0.028888774,-0.465844683
4.422604603,0.355050548,1.603583679
1.998883446,3.166179756,-0.928533188
-0.052073965,4.894182984,-1.193901158
0.723367761,6.230881118,0.65935551
-3.523275308,7.381720116,1.996597418
-5.793689914,3.908225073,-1.760560961
-3.53152381,1.339131831,-1.744822733
-2.467100463,-0.433933017,-1.695269423
-0.447554594,1.293538766,-1.382664401
-4.510511173,6.430716875,-2.746148562
-5.473070737,3.701200856,-4.931298788
-4.698386752,-0.286383559,-0.697748013
-0.747348521,0.310443516,-1.381880401
-1.992746961,0.566594503,-3.220704306
-1.895018422,2.277200677,0.671040221
-1.532099979,1.111524242,6.000208695
-0.548774396,-2.865539827,3.298842707
2.171869481,-3.058379965,-1.062436623
5.012135285,-3.116447231,-1.520232045
0.955065267,-3.864803299,-1.7630246
1.522466981,-1.116311713,0.414859342
3.507766656,2.072183596,-2.41431437
4.3277145,2.939246082,-2.03298511
0.000396454,3.248167072,0.54930599
-1.10528696,0.041961379,1.247027877
-4.245019325,-2.042175647,0.999662348
-2.189744625,-3.042930445,-1.726017393
0.421555541,-0.186238937,2.000571321
-1.184161044,1.205554279,2.118858837
-2.655292157,-3.101356633,0.075267842
-3.096462169,-7.722079246,0.582490972
0.681893219,-8.041844135,-1.997558088
-0.477082343,-9.668746906,-0.84758484
-2.466429209,-9.11763876,-4.178089615
-3.302727945,-8.799171166,-1.739736592
-3.115356294,-10.24228691,1.283974879
-1.705400645,-5.841341398,3.559268025
-2.215777344,-3.1303312,3.628855305
-1.756739563,-2.307914621,2.765273068
-1.635861595,-4.06855827,-2.795487123
-3.851824699,-9.205796931,-4.801867694
-0.44592816,-11.53728945,0.666392404
-0.241808495,-9.727139784,2.581891062
0.846333971,-8.302471453,2.81517578
0.66597934,-8.863725539,-1.151857678
-0.748869757,-11.82309167,-3.372228138
-2.086790804,-11.13061582,-0.77871638
-1.848508774,-8.659608959,0.652607354
0.399161688,-5.894297022,-1.129517358
1.96515202,-0.189991405,-2.902474711
2.122120457,1.973786081,-0.466244527
0.399621059,-4.904966995,1.130088639
3.237200499,-5.975175443,0.356201442
4.332028139,-3.170377349,-0.526561524
6.374241819,-4.905114532,-0.583534519
4.282406755,-4.959678042,-2.591329067
4.958516084,-4.96066201,-0.472309314
-1.049049283,-5.890211279,-2.316208639
-0.468174626,-1.777561556,-1.867855241
-0.950595627,-0.306662113,0.667752494
-3.845217794,-2.113281299,2.311224203
-2.62837195,-6.865193248,0.840740833
-1.929654031,-6.863215257,3.474666633
-2.830908647,-5.899997031,5.594532289
-1.129669325,-0.95212667,4.590249649
-0.702912948,0.61316143,0.4957385
-3.128760943,-4.610645359,2.032744714
-1.959215724,0.192941034,2.735370136
0.064252656,3.067579245,0.950687892
-2.96364907,-0.072788471,1.726718102
0.004032044,0.767594057,-0.327887466
-3.090259124,-0.190120564,0.776534857
-4.077459823,-0.972833662,-0.076659811
-6.239711035,3.069719445,-2.728702827
-5.597134181,6.894808307,-0.510187617
-7.208742424,4.032092879,5.556020425
-5.737788832,1.814646391,2.387725546
-3.575791935,2.684360884,0.743117595
-3.484324678,2.542705466,-0.074649413
-3.167230807,2.276767964,-0.099762532
-2.427357481,-0.495048057,0.280340914
-3.099752806,1.323275921,-0.390291456
-2.95089447,4.333866878,3.894466515
-3.016373422,5.75817884,2.914137657
1.940082097,5.360407947,3.654194372
3.361491326,3.358351503,5.903445696
-2.637980154,2.787863759,3.725152624
-4.860244595,0.100238118,2.540369654
-2.972223404,-2.231761718,0.503404096
-2.579568625,-1.132092575,-1.117090147
-3.657132489,0.324770243,0.12256486
-2.148355125,-0.028792442,1.136593305
-4.157811734,1.087958177,-0.335778362
-3.204813743,1.790301619,1.039536031
-1.739104712,3.628188772,4.462207766
-0.919761067,2.531474832,0.608499636
2.011180047,1.025093059,0.635829132
-0.413741558,-0.502849055,1.469287483
0.300826422,1.318121599,-2.277090272
-0.817931073,1.945771873,-2.242091946
3.636145268,-0.765679945,-0.616550374
2.649698293,2.022085494,-0.793572451
4.229199254,2.717974795,0.334151387
1.246197214,-0.908583986,0.114881945
-0.034830626,1.111625609,-0.355675342
1.751194673,4.97029895,-1.718039049
0.810198375,2.935137848,-1.222392458
2.197168797,0.197861437,1.478436556
-0.829864744,-1.108120778,3.101052533
-3.052879182,-1.433901916,1.621989331
-0.888091433,0.403479671,2.962417788
1.451390088,1.730608968,-2.098374936
0.455825132,-3.781797493,-2.815881137
5.021831798,-5.316818531,-2.7107365
4.870222073,-5.169591695,-3.402413377
-0.295824956,-3.791587047,-3.787560183
0.572727019,-2.370908385,-3.515855417
2.069047515,-4.086157319,-2.974737848
0.196893887,-6.429879834,0.213562458
0.651091356,-7.215922324,2.389348599
-0.524316967,-4.277763199,1.021008326
-4.058142204,0.949172188,0.088957732
-2.650402889,4.740563316,-0.042074066
-3.922252832,6.38771523,0.84648112
-3.696366386,3.75299889,5.822732235
-5.784362916,-0.717949924,5.530563972
-8.28950713,-2.626309805,0.069097856
-3.700276605,-2.45791025,-2.967744755
0.593792451,1.862318539,-3.99509869
2.142879818,6.516409845,-3.593124611
2.891951086,8.525225338,-1.98203504
1.150818554,3.26343716,1.265099598
1.87903154,3.47838558,-0.027437791
1.287021352,6.851244778,0.556544328
4.138874135,9.557434206,-2.402270487
2.451023883,7.814078354,-2.058665635
0.71530091,2.843695816,-0.158351834
2.319043619,1.099601392,-0.623001624
4.257742538,-1.695334703,0.675656995
2.470752191,-2.179674061,1.277677341
0.783526005,-3.135995666,1.78193324
-0.272726376,-0.795038222,1.723213068
-1.0046183,2.405390094,3.210163267
2.209680154,5.571361388,3.482347069
3.703952218,3.927411139,-0.237793284
2.604273057,2.740881539,3.238591413
1.757500628,4.707214338,-0.050405347
3.122242575,4.120572242,2.045360031
2.571403381,0.637692748,2.854970332
0.454569345,-1.627935065,0.22698608
0.463583373,0.212798562,3.000764157
2.076875955,3.723415642,5.488593548
-1.767051655,9.312985596,3.970209428
-1.330602715,8.019676211,-1.179710398
-3.761302464,-0.083122525,-3.004692076
-3.039802032,-0.228821236,0.202705418
-4.482768576,3.059964058,0.942837412
-3.147300481,5.444278687,3.513523741
-3.350710767,6.163913037,0.908063565
-1.115557484,4.247823628,1.271524361
-1.535754689,5.009541889,1.106326151
0.266922459,4.06790235,2.294016098
-0.76925943,6.202411039,4.126553711
3.665859005,10.06018797,0.435133398
2.655078738,7.683642966,-0.457798646
0.067841961,3.068043083,0.416639148
-2.358431069,1.672195148,1.147761404
-2.683069051,-1.527431408,-3.311496154
-2.221745408,-1.487016465,-2.812659615
0.907617717,3.122827143,0.947779644
1.86764744,7.912371628,0.556929244
0.087241822,5.713733769,-3.539782494
2.888609629,1.882989834,-3.459337107
-2.159084697,2.822587965,0.504934891
-2.32783038,1.585487943,-0.345060006
-3.848500349,-4.202573697,-2.094568664
-4.203797003,-10.18247984,1.558714104
-6.185649035,-7.831496648,4.037810389
-3.501443619,-4.003284769,3.853850115
-2.269172037,-2.827204384,1.371188953
-1.920542322,-0.940686893,-3.094960732
-0.636101256,-0.620654553,-4.224216056
-0.05288125,-3.624368326,-1.363008635
-0.404112837,-5.57905551,1.058678295
0.799052382,-3.916595092,-1.4760342
0.502509336,-2.254610268,-5.69422677
-2.466638933,-0.648835435,-1.715394118
-1.797245889,0.34482296,3.195566189
0.922304989,3.265701586,-0.37470797
0.057617358,2.892138405,-1.335470587
0.955387407,1.631920118,1.20234723
-4.905704767,0.821369475,-0.150747234
-3.478586572,-0.582364467,-1.56579536
-4.113725005,-1.956784188,-2.962932287
-3.03203362,-0.081037133,-5.100950613
0.033617515,3.327096636,-3.026423298
-0.004645643,2.797414687,-0.910179063
4.828703523,0.598600676,-0.113126888
5.09797495,-1.668812982,-2.353194244
1.588976326,-2.313356773,-4.430598792
3.468823787,-1.672946561,-2.953475943
1.185998441,-0.767833723,0.736127993
1.735043599,0.877248794,-0.357600452
1.1082173,-0.043903276,-1.809781478
0.08026049,-3.375348205,-3.167722338
-1.089783409,-3.141407482,3.027197997
-1.183183036,-2.813434812,1.328659925
0.294789894,-2.548625857,-3.030847757
-0.515682784,-4.305755785,-0.425808923
1.865553868,-6.456072967,0.821177521
0.693269842,-6.629519337,-0.814990822
-3.545057016,-5.983841248,-4.96056065
-5.074889576,-5.522114537,-2.228719407
-6.322898497,-2.438849174,1.203622088
-4.748569687,-0.57516941,-1.304777487
-3.165007518,-1.126199823,-1.598833091
-0.888042987,-0.891831271,3.386226019
3.673682763,1.132974357,2.526110191
3.986654002,1.507899983,1.32292617
0.299712186,-1.07691579,-1.87939988
0.845659765,-3.196302624,-0.547829919
0.095821971,-8.550262654,1.154621364
2.164619088,-9.982320693,2.065106181
-0.025075596,-9.594899696,0.826675709
0.303732218,-10.15838297,0.248925778
1.627665697,-7.085150945,6.13927618
1.522017531,-7.262566293,5.836450114
-1.595284611,-4.795011911,0.164173365
-2.44865449,-0.835495801,2.816640561
0.476972342,-2.873376828,2.937175651
1.147850354,-5.453800017,1.497281978
1.054418209,-4.022212894,-2.703829022
-2.216634507,-0.839069195,-4.927064009
-0.592521103,4.327276629,-3.507966616
0.890224994,7.678934295,1.108714719
-2.328177371,7.626448492,1.789031626
1.089124088,6.725113266,-2.694114805
0.57433061,6.465193479,-1.418616466
3.219595119,6.089835577,-1.548277869
3.203125274,3.130486941,0.834558255
1.8406329,2.74140787,1.585009006
1.281357526,1.911163405,-2.140339934
-0.562020599,1.326493997,-1.543885843
-1.184497229,-1.328796166,-1.92857694
-0.538080361,0.869711827,-0.50489908
1.40298299,2.431494726,-0.79996148
1.735845679,-0.193430484,-2.468468809
2.127252373,-1.78130866,-2.245249551
0.960145677,-2.830392578,-4.990089377
3.232678284,-5.028699565,0.074546227
0.061822199,-2.127088308,4.817052869
0.627347193,0.817402438,-0.220628048
-4.245678334,3.771527199,-6.198274155
-2.801146885,3.684505132,-2.745214452
-2.46660888,1.442535726,-0.45401506
-1.268918905,0.553312888,-2.535311079
-1.9977715,-1.523437112,1.44838878
-0.654705366,-1.301223597,3.272119933
-1.731030328,2.860665326,0.2984179
-1.761342301,4.218246179,-3.399877219
1.439408615,2.46506433,-2.888429775
3.817226081,2.601476968,1.66108547
-0.54712893,5.536372075,0.026550986
-0.133826151,8.229313165,0.208715736
-1.967745892,9.944441123,0.677235737
-0.178018627,8.033543237,0.71423006
-0.248605224,6.470031743,-1.667965427
-0.491879074,8.177127561,-3.40756072
-2.908268338,8.63116024,0.488176996
-2.159117305,10.90279217,1.959034014
-2.036467162,7.596127698,-0.726324521
-2.971579323,2.111745817,-3.062191488
-5.630803356,-2.108205056,-3.534546276
-4.089624838,-3.24022194,-4.157622518
-5.530097434,-0.829014654,-3.812539398
-0.587562673,1.028179825,-0.648225131
-1.010907379,-0.782659759,0.229900427
1.086598311,-1.331717738,0.399977627
1.50607064,2.928665571,1.531348324
1.12922232,6.270071047,2.645812129
-0.173027716,1.824557343,-0.848748109
-0.629333985,-3.886353147,-5.758596482
-1.766512851,-1.91812111,-3.100641303
2.262865592,5.61730708,0.001906556
3.586592892,8.42730526,-2.152264817
6.580558567,5.100142248,-1.544601112
3.048832166,1.804288381,0.134619073
4.050291991,-1.606490146,0.706893554
4.626985212,-5.249191348,1.900610981
5.744359367,-5.230719263,-0.505384778
5.979450934,0.557313929,-0.367658481
5.003929745,2.70194217,-0.832452316
1.841975138,1.829435445,-3.28413829
2.060843273,-2.363362146,-3.774503034
1.30946372,-3.565130682,-2.744655873
-3.144667179,-3.353646287,-1.6366971
-1.782219021,-2.480656156,-1.949178582
-0.123335537,-1.349429359,-3.197903952
-3.342576061,-0.028267834,-1.910576672
-3.661550925,-0.447395034,-0.503830932
-2.446618017,-0.932023217,0.052842855
-1.372717809,0.064227669,-0.857443155
-1.860375434,0.111068983,1.731939445
-1.864928429,1.839954051,1.054481251
0.68713441,5.369216294,0.942824434
-0.533321051,5.859518229,2.003243934
0.285074082,2.082849136,2.953812127
-0.424880841,-0.126064301,-1.709267594
2.963733759,-2.838152675,-0.466828621
1.83410387,-7.464096407,0.299382454
0.936562126,-7.848220142,-3.12609415
2.166178357,-5.956451239,-2.102153801
2.614452102,-3.857001634,0.724816459
1.448272659,-1.322016766,1.1410981
0.979177341,-3.081258668,2.398586693
1.107982568,0.017801692,4.230007991
2.443818305,2.978710253,6.42066351
2.150380911,2.124244961,5.249315772
0.340522697,1.099419385,-0.703474069
-1.280307811,-0.125552986,-0.517652176
-2.358355169,-2.806319814,4.206771726
0.513867536,-5.362737559,1.694336454
2.133254284,-7.590780458,-0.258826546
0.595470803,-6.307490035,3.193645228
-0.635675018,-6.297236769,3.110450165
-2.345447804,-2.501095875,-0.962553558
-0.882517465,0.601044248,-2.298090836
0.355221286,1.590534727,0.465919168
1.081884908,2.997334438,0.129914421
-1.922949966,7.43203613,0.292848912
1.45613452,6.132676414,1.342906114
2.166809034,3.21529671,2.484962461
5.932669388,4.228865279,1.428908895
4.883598186,3.466654585,2.526359104
7.312334772,3.561941909,-0.155219421
4.321429563,4.982557748,-2.517390958
1.597593832,5.372923358,1.727369793
3.352504765,3.17410863,4.25327251
-2.182227357,3.03599113,-0.098607995
-2.726512758,3.715655164,2.938223806
-3.770148126,2.625039719,0.090229751
-2.334577671,2.36581313,0.26306643
-6.344057395,-2.714994447,0.899306879
-4.739630139,-5.876648454,0.375389472
-2.920833774,-3.319751447,0.417102024
-5.05865304,-3.791245039,0.13224762
-3.867081047,-7.533159738,2.345261177
-2.677875438,-3.015622414,0.62370752
1.657697277,-5.584723238,-3.079192092
2.464742954,-8.380874622,-3.152846519
3.346943894,-4.954586525,0.573802928
4.480728239,-3.890271305,-0.128890671
4.531860931,-2.748189158,2.062043797
7.07523448,-0.233057982,-0.005501214
2.866328238,2.858823481,-3.90561765
1.844816606,5.393786866,-3.368114881
1.607681023,4.502356494,-2.64354057
-1.525990687,6.955626031,-1.969271449
2.533928082,8.630491282,2.37124631
0.726595712,4.562443704,1.595047499
-1.841601644,-1.165749227,-0.210217132
-1.534416385,-6.696429319,2.15981303
-1.909465248,-7.058478909,1.217212432
-1.622565196,-4.449269062,-2.332886277
-2.78111927,1.092363467,-1.328495121
-0.515765041,7.634990218,-0.258153327
-0.063923153,7.853646321,-1.402325468
1.688438147,4.136085132,-1.642878418
1.737274118,0.962510864,-3.905722294
-1.918506919,-0.0156053,-2.799893571
-2.796176078,2.146391654,0.526758741
-1.465180285,3.040105408,0.186982083
0.507803993,0.662164713,1.433054878
-3.314607388,-3.235119704,2.520334825
-2.893263236,-7.678161959,-1.688027628
-0.397981195,-7.785076131,-2.194007994
2.11638495,-6.75505702,0.125209391
3.031444456,-6.179928726,-0.773940275
0.510671381,-6.83852819,-0.75465164
-2.078847769,-3.186618773,0.826443928
-0.975293772,-2.56403475,-2.320495101
1.979658786,-7.17093571,0.307394868
1.936743217,-7.741937411,2.319943748
4.345337683,-3.935758165,5.79735945
3.444533457,-1.899107135,3.297484355
3.34908739,-2.024565409,0.751927244
3.429520288,-3.090487752,0.10804738
0.346679224,-2.317850277,0.815597515
-0.902488367,-0.099026736,-3.524411247
-1.760386905,-4.234878076,-4.991587704
-3.476181742,-5.400731248,-5.837740967
-2.939467874,0.616652577,-3.895200481
0.142242832,3.294762356,-1.180775255
0.640673567,1.306841504,1.472277279
-1.184941104,-2.739918314,1.688658267
-1.942997869,-7.782695387,-1.20939666
-3.590611214,-9.68320911,-1.098816993
-3.047971986,-7.609821157,-0.307828629
-4.846454073,-4.424358394,0.610156075
-2.62850707,-2.046733108,-0.934697093
-4.196032126,-3.854430465,-2.843015866
-2.998592032,-4.963410913,-3.07604877
-4.635301473,-3.725125431,-4.469453413
-4.366911536,-2.304070224,-1.184667383
-3.58701798,-1.267496817,-0.464530365
-0.686683402,-0.971002239,-1.404666759
0.053864511,1.260252462,-0.98373463
-0.445986518,2.422240239,-1.100478765
-2.387326717,4.318935075,1.417954477
-2.557784776,10.91647939,0.944616812
-2.487704698,10.54556732,-0.201266549
-1.790719199,8.46636086,-0.091300043
1.164072244,6.580413745,3.339274978
3.348361641,3.003248063,1.846953152
2.529554165,-0.970802864,0.974819324
3.723001054,-1.389978547,-2.360145438
1.020186217,-1.490425076,1.100319606
1.58955026,-3.997169795,3.806642133
4.839788508,-5.835582659,-0.801803992
2.710748135,-3.987679313,-2.611824252
1.398455884,-3.508044088,-2.094688137
-0.140495929,-2.120693108,-2.381034994
1.528675263,2.718501947,-2.914789919
-1.084608123,5.288310763,-0.02954825
-2.189047154,2.918152893,4.77523825
-2.586508958,0.865434142,3.047620675
-6.833375511,0.999570577,-2.744515236
-4.648120113,-0.999573125,-2.217503717
-3.865435157,-2.072368397,2.490208267
-2.01992629,-3.74350704,5.364997583
0.490506391,-8.263089603,2.06898033
-1.918362699,-9.116867561,1.914331458
-6.019638931,-3.845787948,-1.150228851
-4.825874468,-3.62970954,-2.378076567
-1.805422586,-3.379814232,-2.414170189
0.214357163,1.578758945,-3.504727966
-3.0068403,4.668710291,-2.701840459
-4.331970024,4.692607094,-2.033624127
-3.221896632,3.129149061,0.362262293
-2.514739724,1.640801991,2.263157826
-0.098861361,0.963411551,2.962087844
-0.497057781,2.931162446,1.373053791
-0.718428501,4.983205592,-0.514513024
1.464317305,3.415078784,-4.033692444
0.806906487,0.961556562,-3.167729485
-1.083641043,0.371653028,-0.155922427
0.614502663,2.940289911,-0.267248951
1.694189679,5.768094753,-2.647087296
-1.411236985,6.072548724,-2.532521689
-4.563171773,7.618554354,-4.442736037
-2.986394852,6.475188729,-1.019633169
-2.737672402,6.594404818,-2.5828897
-1.557127832,6.50892461,-2.809502499
-2.116881804,2.80874827,1.305057475
-1.222042428,5.330748028,0.529254126
0.864763415,9.187611347,-0.05300884
-0.207714735,7.1820642,-0.706678144
4.499507324,0.969245469,1.924651091
4.114161264,-3.181367949,4.073004636
5.567631317,-7.47332697,-0.412652169
5.969692401,-9.874717344,-0.803479341
4.90824661,-7.862308805,0.116443576
0.275248538,-0.81947452,-2.341843966
4.076431942,3.091195101,-2.752882649
2.513459889,0.357520056,-0.055339278
0.405221034,-4.340288384,3.189219792
0.93910408,-5.325102574,0.603929954
-1.233442101,-4.372288514,2.900616484
2.684688662,-1.514648461,3.388412299
-1.230648352,-0.775776188,1.376053793
-1.640550939,-2.512083895,1.389368734
-2.286508032,-0.21233694,0.527728226
-1.879948551,0.924683834,3.835413372
-0.063084641,2.373835206,1.110057292
-3.541438384,2.854148486,2.00246687
-0.713661207,3.99651786,2.635639273
-0.18998467,6.221192364,0.181012365
0.914525439,4.362480662,-3.16753533
2.827676946,3.213283302,-0.956462165
2.036508178,-0.166040131,1.088180916
0.243224711,-2.420733129,-0.73267146
1.466163196,-2.264343114,-0.375347045
3.291672581,-0.480915168,-0.09118507
1.973478658,0.427980816,1.03757331
-2.126258521,-0.011647901,5.270110818
-5.650053706,-0.453639474,3.447767547
-1.971975469,-3.541541734,2.048842356
-4.166073026,-5.342746979,-2.517104838
-2.092316404,-2.408925836,-3.260028829
-4.610046889,-2.28575419,-1.825082012
-4.446026449,-1.804857255,0.210954316
-4.504696775,3.149280424,1.134334647
-3.909539796,3.919946455,-2.767958504
-3.257042486,2.580124738,-1.268156328
-2.398653672,-0.344115655,-0.929709904
-2.69193385,-1.497589023,-3.653065328
-0.797557623,-4.993207567,-2.864382038
-0.241709984,-6.945937488,-1.940276705
-0.0317374,-5.76803074,1.105386123
0.499719974,-4.174559465,-1.99454195
1.499371179,-4.955643644,-3.666749874
1.810498582,-3.949869379,0.537866914
1.847137468,-1.037526616,0.089021482
0.093499432,-0.460667072,-0.498647309
3.652768323,1.075934434,0.530935953
2.613986356,1.802689858,2.199733689
3.813090097,1.410518077,0.65607682
2.731758113,0.383451326,-4.179237498
4.379742912,-3.372616613,-1.49706392
3.437631245,-7.779803118,0.956969643
2.480959067,-5.621929532,1.172335449
1.970088747,-3.443207606,0.686959671
1.432417123,-4.009158107,1.701501063
4.500754557,-7.255205764,-1.873707669
4.128965805,-3.032623611,-4.435903804
3.682010744,-1.187291866,-0.636426361
1.147766945,-0.498276964,-1.911560101
-2.310757923,1.374625566,-0.474972451
-2.1322282,-0.308122938,0.195113693
-4.916908575,-2.734885347,2.004374312
-0.696395098,-2.176815231,0.819943359
2.141555092,-0.192595635,-1.15432965
3.609560851,-0.769202119,1.039622967
2.794452793,0.86833228,-0.860462515
-1.012833674,1.915052718,-4.241826315
-0.568695749,-2.084240801,-0.632216345
-0.368992878,-3.09328193,3.078273333
0.357113557,-0.317637389,1.853608428
0.100122479,3.565096935,-3.375968073
-0.527005612,3.507963273,-7.56329967
1.438626029,0.683795504,-1.738389075
0.709990338,1.501775844,-0.857249965
1.36302823,1.720136563,-1.109588985
0.693480919,-3.631052875,2.623864024
2.003049281,-4.415259377,1.667210877
-1.621579754,-5.62127789,0.725820757
-3.459899034,-5.361599025,3.733719449
-0.67488999,-4.992969412,3.91286541
0.030318854,-4.850530366,2.956243362
-0.319734834,-3.494918082,1.557233667
0.395295048,-2.395869055,1.576852188
0.43421968,-1.129562035,3.112111826
-2.430792397,-0.028639863,-0.865049637
-2.563803121,0.978287447,-6.555275057
-3.978319564,-2.258004552,-3.153653353
-5.760867973,-4.683484067,0.404544833
-0.506804876,-5.285227971,-1.052943259
3.253313607,-4.286556127,-2.527745488
3.322413053,-2.107047905,2.582899529
0.362639011,-1.858876391,-0.160742842
2.125829854,-1.131360748,-2.931856077
0.985858119,-2.955665569,-5.397304942
0.672219859,-7.280341437,-5.24380328
-1.740473061,-6.466051251,-1.45674676
1.071635475,-5.687176558,0.620033291
2.513508716,-4.575606038,-5.489533831
2.592215631,-4.694561338,-4.304594079
-0.911055754,-3.816456965,1.210179421
-1.105004113,-1.597211266,-1.201529413
-0.137544462,-1.45421582,-1.621563975
0.896900473,-3.484177543,4.357552755
1.584536251,-0.624375477,-0.204654288
-0.588171441,3.827966253,-5.22689646
-0.36620169,2.584494964,-1.437342828
1.360349635,0.090886808,-6.78793111
-0.620714264,0.732944536,-7.832368457
0.198490498,4.623040843,-0.992446044
2.066902878,6.939821051,-0.367873087
2.118584841,4.50170679,1.240425203
1.692658404,4.240785504,2.746160376
-1.129149426,1.500761621,4.510713547
2.586939089,0.30102855,2.19817256
3.066664009,2.650602762,-0.795727273
0.076616036,3.266953714,-1.272532975
2.257000422,4.157548794,0.517672936
-1.388879535,6.407120261,-1.022512488
-3.99501795,4.598345749,0.745817214
-4.16818535,5.013651277,3.026358556
-5.260121791,5.804781745,0.172353974
-2.73764905,2.106639274,1.721986531
-2.724787535,-1.407615842,1.525313622
0.633917864,-3.085733622,1.274096135
-3.508079755,-6.339996475,3.008874455
-2.850492216,-6.996874802,-1.915294887
-0.882548212,-4.177826109,-6.658094659
3.033545323,-1.217273455,1.164565038
0.122097562,-0.18944542,0.494100099
-3.719769611,3.174516009,0.693484497
-2.346463652,6.167478457,-0.602115178
-3.363826389,4.782920112,-2.124869236
-3.045253773,1.006993531,0.232210322
-3.825752384,1.106382971,-0.192863616
-0.40775388,3.677030597,-3.986027846
0.492835292,7.922911847,-1.163100692
-0.94600781,8.130383277,6.155544504
3.35976186,5.814796669,3.953550054
-3.349278793,1.643410267,-0.596344555
-1.388103773,-1.787588948,-1.917281097
-1.507309663,-0.244536376,-1.282472306
-0.440034219,2.342113082,0.907840124
-1.343023784,1.802041564,1.612031128
-1.371427428,2.049651326,-1.471767354
3.358431038,0.050967247,-3.013154234
-0.23306127,-2.512062902,-4.858499188
0.825038683,-4.284859234,-4.049829865
2.057830719,-6.178303886,-2.489715929
2.644248932,-4.570797783,-1.048555155
0.764118346,-0.966616613,1.424563166
-0.280003117,0.10524653,-0.834905987
-0.996875138,1.08875143,-0.660210415
-3.946234823,3.949517528,2.784154689
-1.513754506,1.796725173,0.69609248
4.539696165,-0.025652195,0.99235003
1.720917246,0.443452915,-0.706305976
-0.815444463,2.827492163,-2.159271893
-1.23426118,4.856120132,-1.098995923
-5.067040865,4.275238034,1.393156726
-4.438815331,4.531551201,-0.323920434
-4.895025673,8.771765012,0.821369885
-2.617407516,9.923629599,1.155805477
-2.684431113,5.191987343,3.226524095
-0.647241576,3.392634438,3.630292337
-1.799499421,3.095431513,1.662872382
1.814871811,-0.205691929,5.322347319
1.18629588,-3.156093397,2.919785073
-2.784822979,-2.480052858,0.57082052
0.717409428,-3.774769253,2.290158665
2.075960963,-4.392697661,3.059100017
5.54207597,-2.457431441,1.217638415
1.804762212,-3.205821593,0.492323803
-0.666758845,-3.596971415,2.304936858
0.777544011,-3.069288151,3.225555877
-1.666642491,-6.478754648,0.630988631
2.760398991,-5.283497813,1.537073245
2.16173703,1.063550591,1.51759674
4.107586979,2.214850483,-2.754677082
-0.40333536,2.652696966,0.233745678
-2.598642964,5.02536978,-1.773591726
3.04583017,1.677792226,-2.131691758
3.642033731,-0.568120515,-0.784693497
3.696780981,-3.251108682,0.848826061
0.314246161,-3.884721674,1.002412709
-0.621656301,-3.132603349,-1.544896151
-0.981597968,-4.017771666,-0.606614013
-1.016528351,-1.986277005,1.200066173
-3.274876265,-3.0184612,-0.224377114
-3.009148155,-4.564993045,-1.848801604
-3.318170068,-2.104443711,-1.142650454
-2.023440396,-0.741608123,-3.679377889
0.055461384,-0.876913666,-4.366412392
2.208298277,-1.531186796,-1.611874314
1.612138829,2.537232074,0.979532575
-2.76686971,4.995221539,2.505013848
0.266504467,4.138988387,3.806409018
-1.20254869,1.472433895,5.536625274
2.405393755,0.783148858,2.223317233
2.648586829,0.126168526,1.294890618
5.507453787,-1.1233116,1.729876371
5.125210176,1.160477971,-0.338137676
2.115868727,-1.69396363,0.71753347
2.103346845,-4.049145457,1.710920154
0.974101114,-3.592182905,1.809147392
-3.004322525,-2.904023697,0.314817577
-1.248346108,-2.49344772,0.099838068
-2.341870394,-0.90703245,-0.314574806
0.678870266,0.507673535,-0.827188416
-0.71299982,1.143480735,0.348417652
0.129403642,0.268732214,-2.15571342
2.618683947,2.053920817,-2.045533169
2.073478294,2.948813917,-2.678608286
1.529422882,4.914241677,-2.435178327
2.894086525,3.824183668,-3.307693049
3.600261084,-1.316806939,-3.870741907
4.114235051,-4.948524637,-2.568116222
-0.096568734,-7.275659358,-1.021002917
-1.239888058,-5.812865651,-1.150969267
-2.400527266,-3.726057747,-0.661911128
-1.725972737,-2.149887556,2.12430567
-4.020799154,0.810712914,3.703107455
-3.937667161,3.737102396,-1.70928637
-4.263970826,3.501075896,-0.712805656
-2.112310199,-1.243683554,-0.774604394
-0.28872225,-8.432567271,1.208119545
-1.561302097,-10.08466181,2.471917638
2.777483492,-7.777663355,1.088797087
3.537490389,-5.07760241,-1.92556942
4.042497123,-0.761072515,-2.680815952
0.159334113,-0.806998717,-2.067707989
-1.330406293,-6.712480902,1.149767453
2.52720439,-10.60132696,1.477545166
3.651861016,-11.31671256,1.967326084
4.723705968,-8.551865919,1.368567762
5.938535592,-3.01610764,-0.539351067
1.709405101,-2.252838707,0.925458906
1.516145858,-3.097581116,-1.65085958
-0.677014807,-6.628938261,-1.113634581
-1.133854747,-8.712098184,-0.245768636
2.425574291,-7.196656745,-0.902411315
3.177101802,-5.519475856,-2.454498581
-0.950781145,-4.99692317,-3.069555863
1.221176099,-4.498645252,0.544473466
-0.190695476,-1.726961215,0.650237833
0.007258853,1.465725066,2.730946229
-1.102791423,-0.906750916,3.941031319
0.070838249,-3.103037053,4.021250134
-1.386788578,-3.439650254,-0.974503114
-3.812516232,-2.349798252,-1.292107277
-5.899430289,0.750503536,-0.219360646
-1.74405756,2.042361884,-1.314618947
-0.209036076,3.153367347,-0.386048194
-0.93392794,5.842511458,0.563690078
1.248982164,7.704789786,1.87934349
-1.190262669,4.881600836,3.408438199
-3.23822087,2.713861445,1.558465059
-5.827772171,5.203905773,0.414853702
-7.437436113,3.715046225,2.657048059
-4.626498963,0.729688894,-1.713961134
-2.142008692,-2.208038732,-2.44736153
-1.326433303,-6.093267526,-2.046650366
-1.04308149,-5.665926117,2.446502016
-3.848471185,-3.547197275,3.113466494
-0.108437948,-1.967531043,-2.516014591
-1.69106769,-2.112575769,-2.059942649
-2.093568777,-0.06073418,-4.477756641
2.421928072,4.360437442,-3.117413901
2.060179723,5.678811272,-1.451366462
-0.608143477,6.305510265,-0.864391401
-1.337571965,11.64492062,0.558321016
-1.362099393,17.12372095,-0.783483101
-0.550230471,14.21767214,-0.413684672
-0.760750614,9.849742094,-1.862188089
-2.282322775,7.074918134,-3.368455801
-2.5473421,3.398451523,-1.995198665
-2.292272325,2.417405562,-1.321704632
-3.884853265,-1.017580327,-3.658276494
-4.062571945,-4.68463298,-2.858125795
-5.476372005,-4.563812546,1.660881607
-3.827115931,-3.358610639,3.744458791
-0.523896081,-4.74752821,-0.307540661
1.358572148,-8.488253549,1.550961001
-0.123705249,-6.443818628,-4.366183511
1.842465903,-5.040554201,-9.497907253
1.046638348,-3.526188416,-2.715050883
-0.27888533,-0.811078849,1.052301472
3.239224415,0.723876824,0.982748867
2.859452594,-1.394766738,0.806809278
2.463321295,-3.508545035,1.243832015
1.492311447,-2.879659546,1.899126995
3.109754172,-3.140344313,1.543291381
-0.548789402,-5.456792752,-0.626926136
0.472417038,-4.877679092,-2.862157933
-1.13344042,-1.694597312,-1.985296069
-2.75961464,0.755641587,2.428705662
-6.058259201,2.091102003,0.449564087
-7.922151872,1.537149973,1.474679766
-6.69474192,0.833533941,1.636579254
-6.466655142,0.666374455,-0.647621318
-4.232262535,0.219139013,1.348659738
-4.660978679,-0.069217357,2.191194382
-7.893461431,-3.623927834,-2.739909313
-5.253522548,-6.33316,1.302449928
-5.206140309,-3.243964382,1.228083352
-4.15511151,0.475186795,0.716943945
-4.319058453,-0.955750103,1.803614724
0.141680287,-5.290561626,0.999568484
0.322716118,-4.021464234,-2.455678373
-3.008895311,-2.089112824,1.237345881
-3.527879219,-0.864216661,1.57428087
-1.744996757,1.307162203,-0.312219006
-1.61202194,0.336323787,-3.647220465
-6.082726572,-2.970001158,-1.464293476
-1.190797248,-3.121091067,0.686139772
-2.327487069,-2.000575363,3.008000693
-4.446932981,-3.753223474,2.1438415
-1.492374693,-4.234721225,-1.778224971
-4.332005387,-4.501564908,-2.441221071
-6.926715659,-5.365644948,-2.068237425
-6.038724121,-4.938274535,-2.643793431
-7.499917952,-6.673944062,-2.392678061
-3.917545618,-6.607327081,0.353493711
0.012178664,-9.694259166,0.396341258
3.467711767,-6.749030023,0.379140684
-0.164398737,2.010905824,2.371042298
-3.722821529,-0.104770957,2.027801665
-3.582458013,-4.584116047,2.317542748
-1.588662147,-6.108497162,0.058041603
-1.409534739,-9.9913904,-1.969848511
0.475183958,-6.735045799,-0.044128664
3.84769363,-5.615536454,1.916860571
4.501329054,-3.631777855,-0.407415557
3.771489016,-1.478592457,-0.350810336
4.017233038,-1.265273436,-1.251042334
1.350349084,1.525891782,-0.920467649
3.81357448,4.239827621,-0.968782159
1.597355292,4.17417883,-3.707743461
0.122787653,2.237361778,-3.419334522
2.546646163,2.767411948,-1.234429668
1.157083251,3.101108686,-0.429780776
-0.396870055,1.773020093,-2.025531901
1.552540003,-1.01272204,-0.539318503
0.026420506,-1.833437371,2.440169716
0.502719902,2.260694333,3.413959513
0.301034774,6.330042468,2.139573646
5.614843923,8.096958333,0.500364126
3.992512757,3.887116291,-4.325311341
1.813334687,2.573345961,-4.975372646
3.358231913,0.57282754,-4.209697355
2.923957797,0.237229544,-4.481906215
4.405814144,-0.258369239,-1.450668517
3.51484376,-1.50354859,1.59837778
-0.979944979,2.873546657,-0.968361222
-0.060259154,7.371080183,1.317156553
-1.289722996,4.011446394,-0.616890205
1.504973176,-2.796298913,-4.254098764
2.231393244,-3.661889196,-3.080677487
0.87108846,-5.15521782,-0.56002956
0.02831427,-4.843187474,0.317517683
-0.458370261,-0.963186301,-2.650872976
-5.090199342,-0.159684726,1.322662004
-3.032217487,2.069265029,1.031075981
-2.658478344,4.840374944,-0.167735029
-0.92221251,4.799584005,0.096336789
-2.208813636,5.710233238,0.564695581
-2.621974877,7.084138246,0.316461087
-5.364651578,5.95421996,0.057133833
-6.269726364,6.247592094,0.042393916
-1.909720274,6.041483557,0.193790549
-3.344786553,2.879079665,-1.740542664
-0.487854668,1.079169314,0.515934808
0.06219021,-0.289243244,4.947433322
-3.320451569,0.466394371,1.407136487
-1.809357786,-0.924141332,-1.367059584
-1.476521966,-2.521701581,-2.841003017
-0.41257949,-3.027189491,0.367699508
0.25948436,-4.631441583,0.549082479
-1.449803328,-4.317489498,1.479858208
0.226042412,-1.407578803,0.728159769
-1.321500392,3.600801438,-1.149942327
0.881771241,2.203304069,0.945218777
0.573659857,-1.570131692,0.728123441
1.402019143,-2.80171406,-0.83819974
1.055944899,-2.238956841,-1.265529911
4.921024763,-5.140968422,-2.366114954
-0.226441381,-5.515309456,-1.793801318
-2.608448813,-2.049298082,2.056098583
-2.967142116,2.506087671,3.01079694
0.344394378,4.671395695,-0.061314325
3.569690101,3.5938387,-3.776303392
2.204447109,-2.429958519,-3.567996304
1.834476237,-3.725127233,-1.43282956
0.828674327,-3.557775018,-0.409374721
0.320673421,-2.112663548,0.240320977
-1.201881145,-1.776188995,0.647480625
-1.872183193,-0.098324413,3.793412935
